location_id,age_group_id,cause_id,measure_id,metric_id,sex_id,year_id,acause,age_group_name,cause_name,expected,location_name,location_type,measure,measure_name,metric_name,sex,val,upper,lower,is_estimate
1,27,432,2,3,2,2023,neo_cervical,Age-standardized,Cervical cancer,FALSE,Global,global,daly,DALYs (Disability-Adjusted Life Years),Rate,Female,0.00298764098231697,0.00392439210572456,0.00227138576148226,0
4,27,432,2,3,2,2023,neo_cervical,Age-standardized,Cervical cancer,FALSE,"Southeast Asia, East Asia, and Oceania",superregion,daly,DALYs (Disability-Adjusted Life Years),Rate,Female,0.00182161280994243,0.00245210646527682,0.00136597763652557,0
5,27,432,2,3,2,2023,neo_cervical,Age-standardized,Cervical cancer,FALSE,East Asia,region,daly,DALYs (Disability-Adjusted Life Years),Rate,Female,0.00136134889289592,0.00174207702678016,0.000884565513337512,0
6,27,432,2,3,2,2023,neo_cervical,Age-standardized,Cervical cancer,FALSE,China,admin0,daly,DALYs (Disability-Adjusted Life Years),Rate,Female,0.0013272176590069,0.00173112325721454,0.000837594732835205,0
7,27,432,2,3,2,2023,neo_cervical,Age-standardized,Cervical cancer,FALSE,Democratic People's Republic of Korea,admin0,daly,DALYs (Disability-Adjusted Life Years),Rate,Female,0.00341829240375646,0.00699078042885077,0.00185732468311738,1
8,27,432,2,3,2,2023,neo_cervical,Age-standardized,Cervical cancer,FALSE,Taiwan,admin0,daly,DALYs (Disability-Adjusted Life Years),Rate,Female,0.00118181625729971,0.00136439789326723,0.00101042092553125,1
9,27,432,2,3,2,2023,neo_cervical,Age-standardized,Cervical cancer,FALSE,Southeast Asia,region,daly,DALYs (Disability-Adjusted Life Years),Rate,Female,0.00280607589974943,0.00414888483478507,0.00199832688699217,0
10,27,432,2,3,2,2023,neo_cervical,Age-standardized,Cervical cancer,FALSE,Cambodia,admin0,daly,DALYs (Disability-Adjusted Life Years),Rate,Female,0.00255382674775364,0.00409112509856237,0.00151891609884507,1
11,27,432,2,3,2,2023,neo_cervical,Age-standardized,Cervical cancer,FALSE,Indonesia,admin0,daly,DALYs (Disability-Adjusted Life Years),Rate,Female,0.00267301858455106,0.00427056816940188,0.0015861041080622,0
12,27,432,2,3,2,2023,neo_cervical,Age-standardized,Cervical cancer,FALSE,Lao People's Democratic Republic,admin0,daly,DALYs (Disability-Adjusted Life Years),Rate,Female,0.00450404651988956,0.00744493350528869,0.00253195972254409,1
13,27,432,2,3,2,2023,neo_cervical,Age-standardized,Cervical cancer,FALSE,Malaysia,admin0,daly,DALYs (Disability-Adjusted Life Years),Rate,Female,0.00187328489305532,0.00247496534840726,0.00135637454665441,1
14,27,432,2,3,2,2023,neo_cervical,Age-standardized,Cervical cancer,FALSE,Maldives,admin0,daly,DALYs (Disability-Adjusted Life Years),Rate,Female,0.00122854791802828,0.00171994395487813,0.000838468816730973,1
15,27,432,2,3,2,2023,neo_cervical,Age-standardized,Cervical cancer,FALSE,Myanmar,admin0,daly,DALYs (Disability-Adjusted Life Years),Rate,Female,0.00359912086774416,0.00580510617049496,0.00217377051493528,1
16,27,432,2,3,2,2023,neo_cervical,Age-standardized,Cervical cancer,FALSE,Philippines,admin0,daly,DALYs (Disability-Adjusted Life Years),Rate,Female,0.00215760757348291,0.00288404246097121,0.00141149809666656,0
17,27,432,2,3,2,2023,neo_cervical,Age-standardized,Cervical cancer,FALSE,Sri Lanka,admin0,daly,DALYs (Disability-Adjusted Life Years),Rate,Female,0.00162571678806207,0.00227314629151736,0.00119344737304436,1
18,27,432,2,3,2,2023,neo_cervical,Age-standardized,Cervical cancer,FALSE,Thailand,admin0,daly,DALYs (Disability-Adjusted Life Years),Rate,Female,0.00303003580384128,0.00481654502091544,0.00217914750993424,1
19,27,432,2,3,2,2023,neo_cervical,Age-standardized,Cervical cancer,FALSE,Timor-Leste,admin0,daly,DALYs (Disability-Adjusted Life Years),Rate,Female,0.00466275588956229,0.00808126086034101,0.00252250362876472,1
20,27,432,2,3,2,2023,neo_cervical,Age-standardized,Cervical cancer,FALSE,Viet Nam,admin0,daly,DALYs (Disability-Adjusted Life Years),Rate,Female,0.00341470836879566,0.00542808733916858,0.00208829896488381,1
21,27,432,2,3,2,2023,neo_cervical,Age-standardized,Cervical cancer,FALSE,Oceania,region,daly,DALYs (Disability-Adjusted Life Years),Rate,Female,0.00731576431317118,0.0122814742868636,0.00412288510088394,0
22,27,432,2,3,2,2023,neo_cervical,Age-standardized,Cervical cancer,FALSE,Fiji,admin0,daly,DALYs (Disability-Adjusted Life Years),Rate,Female,0.00919375607973257,0.0128088360371508,0.00647189648986066,1
23,27,432,2,3,2,2023,neo_cervical,Age-standardized,Cervical cancer,FALSE,Kiribati,admin0,daly,DALYs (Disability-Adjusted Life Years),Rate,Female,0.00960390518873083,0.0156886973097134,0.00535124552166545,1
24,27,432,2,3,2,2023,neo_cervical,Age-standardized,Cervical cancer,FALSE,Marshall Islands,admin0,daly,DALYs (Disability-Adjusted Life Years),Rate,Female,0.00789649821350032,0.0131418155721128,0.00468529767021789,1
25,27,432,2,3,2,2023,neo_cervical,Age-standardized,Cervical cancer,FALSE,Micronesia (Federated States of),admin0,daly,DALYs (Disability-Adjusted Life Years),Rate,Female,0.00750842126999375,0.0104933781963829,0.00506025100415342,1
26,27,432,2,3,2,2023,neo_cervical,Age-standardized,Cervical cancer,FALSE,Papua New Guinea,admin0,daly,DALYs (Disability-Adjusted Life Years),Rate,Female,0.00739512545476485,0.0135011655593429,0.00344394186238536,1
27,27,432,2,3,2,2023,neo_cervical,Age-standardized,Cervical cancer,FALSE,Samoa,admin0,daly,DALYs (Disability-Adjusted Life Years),Rate,Female,0.00330815412919793,0.00551274051540496,0.00187407524427324,1
28,27,432,2,3,2,2023,neo_cervical,Age-standardized,Cervical cancer,FALSE,Solomon Islands,admin0,daly,DALYs (Disability-Adjusted Life Years),Rate,Female,0.00911364683272301,0.0163871264128735,0.00449009163482123,1
29,27,432,2,3,2,2023,neo_cervical,Age-standardized,Cervical cancer,FALSE,Tonga,admin0,daly,DALYs (Disability-Adjusted Life Years),Rate,Female,0.00645217575639388,0.010232648587954,0.00393884575077972,1
30,27,432,2,3,2,2023,neo_cervical,Age-standardized,Cervical cancer,FALSE,Vanuatu,admin0,daly,DALYs (Disability-Adjusted Life Years),Rate,Female,0.00445991405766268,0.00820130888935065,0.00219737882687936,1
31,27,432,2,3,2,2023,neo_cervical,Age-standardized,Cervical cancer,FALSE,"Central Europe, Eastern Europe, and Central Asia",superregion,daly,DALYs (Disability-Adjusted Life Years),Rate,Female,0.00184070666191325,0.00198876555947826,0.00171810505700727,0
32,27,432,2,3,2,2023,neo_cervical,Age-standardized,Cervical cancer,FALSE,Central Asia,region,daly,DALYs (Disability-Adjusted Life Years),Rate,Female,0.00200090167947429,0.00226309795523496,0.00181175412683636,0
33,27,432,2,3,2,2023,neo_cervical,Age-standardized,Cervical cancer,FALSE,Armenia,admin0,daly,DALYs (Disability-Adjusted Life Years),Rate,Female,0.00110231039148217,0.00128866155915621,0.000927584703789976,1
34,27,432,2,3,2,2023,neo_cervical,Age-standardized,Cervical cancer,FALSE,Azerbaijan,admin0,daly,DALYs (Disability-Adjusted Life Years),Rate,Female,0.00153492959400402,0.00234212716192894,0.00102018382607641,1
35,27,432,2,3,2,2023,neo_cervical,Age-standardized,Cervical cancer,FALSE,Georgia,admin0,daly,DALYs (Disability-Adjusted Life Years),Rate,Female,0.00184176261232617,0.00219605260249124,0.00154060301719962,1
36,27,432,2,3,2,2023,neo_cervical,Age-standardized,Cervical cancer,FALSE,Kazakhstan,admin0,daly,DALYs (Disability-Adjusted Life Years),Rate,Female,0.00183523737397664,0.00212017765445923,0.00157567994395733,1
37,27,432,2,3,2,2023,neo_cervical,Age-standardized,Cervical cancer,FALSE,Kyrgyzstan,admin0,daly,DALYs (Disability-Adjusted Life Years),Rate,Female,0.00222179612538978,0.00256215716834191,0.00192254446628741,1
38,27,432,2,3,2,2023,neo_cervical,Age-standardized,Cervical cancer,FALSE,Mongolia,admin0,daly,DALYs (Disability-Adjusted Life Years),Rate,Female,0.00299547982122897,0.00451876613685609,0.00204799960708998,1
39,27,432,2,3,2,2023,neo_cervical,Age-standardized,Cervical cancer,FALSE,Tajikistan,admin0,daly,DALYs (Disability-Adjusted Life Years),Rate,Female,0.0017144114507442,0.00278494832564041,0.00112612978931498,1
40,27,432,2,3,2,2023,neo_cervical,Age-standardized,Cervical cancer,FALSE,Turkmenistan,admin0,daly,DALYs (Disability-Adjusted Life Years),Rate,Female,0.00276736620560147,0.00338309053683387,0.00225033211036955,1
41,27,432,2,3,2,2023,neo_cervical,Age-standardized,Cervical cancer,FALSE,Uzbekistan,admin0,daly,DALYs (Disability-Adjusted Life Years),Rate,Female,0.00228806475450924,0.00258502389430817,0.00205594349931214,1
42,27,432,2,3,2,2023,neo_cervical,Age-standardized,Cervical cancer,FALSE,Central Europe,region,daly,DALYs (Disability-Adjusted Life Years),Rate,Female,0.00178698928356118,0.00195974393456424,0.00162201395571548,0
43,27,432,2,3,2,2023,neo_cervical,Age-standardized,Cervical cancer,FALSE,Albania,admin0,daly,DALYs (Disability-Adjusted Life Years),Rate,Female,0.000872810721620234,0.00139321652514122,0.00052364807532929,1
44,27,432,2,3,2,2023,neo_cervical,Age-standardized,Cervical cancer,FALSE,Bosnia and Herzegovina,admin0,daly,DALYs (Disability-Adjusted Life Years),Rate,Female,0.00164535915606026,0.00229075274040143,0.00118876974645969,1
45,27,432,2,3,2,2023,neo_cervical,Age-standardized,Cervical cancer,FALSE,Bulgaria,admin0,daly,DALYs (Disability-Adjusted Life Years),Rate,Female,0.00191563978140037,0.00220296667298983,0.00165506991559405,1
46,27,432,2,3,2,2023,neo_cervical,Age-standardized,Cervical cancer,FALSE,Croatia,admin0,daly,DALYs (Disability-Adjusted Life Years),Rate,Female,0.00104021361934609,0.00118699288096609,0.000902194500186545,1
47,27,432,2,3,2,2023,neo_cervical,Age-standardized,Cervical cancer,FALSE,Czechia,admin0,daly,DALYs (Disability-Adjusted Life Years),Rate,Female,0.00114156362288794,0.00128811863935613,0.00100142764907807,1
48,27,432,2,3,2,2023,neo_cervical,Age-standardized,Cervical cancer,FALSE,Hungary,admin0,daly,DALYs (Disability-Adjusted Life Years),Rate,Female,0.00163195588473314,0.00182998237464256,0.00144117086527425,1
49,27,432,2,3,2,2023,neo_cervical,Age-standardized,Cervical cancer,FALSE,North Macedonia,admin0,daly,DALYs (Disability-Adjusted Life Years),Rate,Female,0.00177684175547079,0.0025114108123155,0.00122286018514975,1
50,27,432,2,3,2,2023,neo_cervical,Age-standardized,Cervical cancer,FALSE,Montenegro,admin0,daly,DALYs (Disability-Adjusted Life Years),Rate,Female,0.00159878389529634,0.00229096400254575,0.0010746781140505,1
51,27,432,2,3,2,2023,neo_cervical,Age-standardized,Cervical cancer,FALSE,Poland,admin0,daly,DALYs (Disability-Adjusted Life Years),Rate,Female,0.00136689129451941,0.00151197300099183,0.00122056417674851,0
52,27,432,2,3,2,2023,neo_cervical,Age-standardized,Cervical cancer,FALSE,Romania,admin0,daly,DALYs (Disability-Adjusted Life Years),Rate,Female,0.00314891267665547,0.00356858342477248,0.00278330753784579,1
53,27,432,2,3,2,2023,neo_cervical,Age-standardized,Cervical cancer,FALSE,Serbia,admin0,daly,DALYs (Disability-Adjusted Life Years),Rate,Female,0.00252185133570439,0.00343682882776448,0.00189231504086197,1
54,27,432,2,3,2,2023,neo_cervical,Age-standardized,Cervical cancer,FALSE,Slovakia,admin0,daly,DALYs (Disability-Adjusted Life Years),Rate,Female,0.00171929003977763,0.00244322082087852,0.00134981246014829,1
55,27,432,2,3,2,2023,neo_cervical,Age-standardized,Cervical cancer,FALSE,Slovenia,admin0,daly,DALYs (Disability-Adjusted Life Years),Rate,Female,0.000748434998469512,0.000895460422983033,0.000625204538314294,1
56,27,432,2,3,2,2023,neo_cervical,Age-standardized,Cervical cancer,FALSE,Eastern Europe,region,daly,DALYs (Disability-Adjusted Life Years),Rate,Female,0.00182482533620628,0.00202453266768525,0.00165008669614475,0
57,27,432,2,3,2,2023,neo_cervical,Age-standardized,Cervical cancer,FALSE,Belarus,admin0,daly,DALYs (Disability-Adjusted Life Years),Rate,Female,0.00173450062713919,0.00204947073481058,0.00150571643874844,1
58,27,432,2,3,2,2023,neo_cervical,Age-standardized,Cervical cancer,FALSE,Estonia,admin0,daly,DALYs (Disability-Adjusted Life Years),Rate,Female,0.00135578007455231,0.00151087676482544,0.001219681913242,1
59,27,432,2,3,2,2023,neo_cervical,Age-standardized,Cervical cancer,FALSE,Latvia,admin0,daly,DALYs (Disability-Adjusted Life Years),Rate,Female,0.00145712153823994,0.00167259650150074,0.00124297606522909,1
60,27,432,2,3,2,2023,neo_cervical,Age-standardized,Cervical cancer,FALSE,Lithuania,admin0,daly,DALYs (Disability-Adjusted Life Years),Rate,Female,0.00173563805514185,0.00196418976424663,0.00151037130064031,1
61,27,432,2,3,2,2023,neo_cervical,Age-standardized,Cervical cancer,FALSE,Republic of Moldova,admin0,daly,DALYs (Disability-Adjusted Life Years),Rate,Female,0.00184174970691673,0.00216706083326054,0.00155283931006333,1
62,27,432,2,3,2,2023,neo_cervical,Age-standardized,Cervical cancer,FALSE,Russian Federation,admin0,daly,DALYs (Disability-Adjusted Life Years),Rate,Female,0.00202095665038425,0.0023111366288438,0.00177595713996165,0
63,27,432,2,3,2,2023,neo_cervical,Age-standardized,Cervical cancer,FALSE,Ukraine,admin0,daly,DALYs (Disability-Adjusted Life Years),Rate,Female,0.00113453447395129,0.0012970710100791,0.000976063351968171,0
64,27,432,2,3,2,2023,neo_cervical,Age-standardized,Cervical cancer,FALSE,High-income,superregion,daly,DALYs (Disability-Adjusted Life Years),Rate,Female,0.00102242771630035,0.00111982698391477,0.000911829715713262,0
65,27,432,2,3,2,2023,neo_cervical,Age-standardized,Cervical cancer,FALSE,High-income Asia Pacific,region,daly,DALYs (Disability-Adjusted Life Years),Rate,Female,0.000960413144982294,0.00109741041493344,0.000840773608897591,0
66,27,432,2,3,2,2023,neo_cervical,Age-standardized,Cervical cancer,FALSE,Brunei Darussalam,admin0,daly,DALYs (Disability-Adjusted Life Years),Rate,Female,0.00268955007221239,0.00384924616890445,0.00179547482593589,1
67,27,432,2,3,2,2023,neo_cervical,Age-standardized,Cervical cancer,FALSE,Japan,admin0,daly,DALYs (Disability-Adjusted Life Years),Rate,Female,0.00106006022879991,0.00118732490262455,0.000919041830534592,0
68,27,432,2,3,2,2023,neo_cervical,Age-standardized,Cervical cancer,FALSE,Republic of Korea,admin0,daly,DALYs (Disability-Adjusted Life Years),Rate,Female,0.000787492515104452,0.00128840947774848,0.000579073742886202,1
69,27,432,2,3,2,2023,neo_cervical,Age-standardized,Cervical cancer,FALSE,Singapore,admin0,daly,DALYs (Disability-Adjusted Life Years),Rate,Female,0.000750535735192197,0.000855519340941109,0.000645028301465822,1
70,27,432,2,3,2,2023,neo_cervical,Age-standardized,Cervical cancer,FALSE,Australasia,region,daly,DALYs (Disability-Adjusted Life Years),Rate,Female,0.000678073422000204,0.000764873536944534,0.000592842714214004,0
71,27,432,2,3,2,2023,neo_cervical,Age-standardized,Cervical cancer,FALSE,Australia,admin0,daly,DALYs (Disability-Adjusted Life Years),Rate,Female,0.000676134640615886,0.000766693491257887,0.000585602559635147,1
72,27,432,2,3,2,2023,neo_cervical,Age-standardized,Cervical cancer,FALSE,New Zealand,admin0,daly,DALYs (Disability-Adjusted Life Years),Rate,Female,0.000689160512905357,0.000783809536481939,0.000585296547093331,0
73,27,432,2,3,2,2023,neo_cervical,Age-standardized,Cervical cancer,FALSE,Western Europe,region,daly,DALYs (Disability-Adjusted Life Years),Rate,Female,0.000801414563021256,0.000873176397430347,0.000720821112613686,0
74,27,432,2,3,2,2023,neo_cervical,Age-standardized,Cervical cancer,FALSE,Andorra,admin0,daly,DALYs (Disability-Adjusted Life Years),Rate,Female,0.00165458013722623,0.00237144604152103,0.0010985103156579,1
75,27,432,2,3,2,2023,neo_cervical,Age-standardized,Cervical cancer,FALSE,Austria,admin0,daly,DALYs (Disability-Adjusted Life Years),Rate,Female,0.000771492228199112,0.000873420112070101,0.000653962746892079,1
76,27,432,2,3,2,2023,neo_cervical,Age-standardized,Cervical cancer,FALSE,Belgium,admin0,daly,DALYs (Disability-Adjusted Life Years),Rate,Female,0.000742636280307443,0.000842041486296565,0.000633649285154422,1
77,27,432,2,3,2,2023,neo_cervical,Age-standardized,Cervical cancer,FALSE,Cyprus,admin0,daly,DALYs (Disability-Adjusted Life Years),Rate,Female,0.000838526989548247,0.00126339962079035,0.0005464799857576,1
78,27,432,2,3,2,2023,neo_cervical,Age-standardized,Cervical cancer,FALSE,Denmark,admin0,daly,DALYs (Disability-Adjusted Life Years),Rate,Female,0.00090133220720014,0.00102465917106302,0.000773848823809738,1
79,27,432,2,3,2,2023,neo_cervical,Age-standardized,Cervical cancer,FALSE,Finland,admin0,daly,DALYs (Disability-Adjusted Life Years),Rate,Female,0.000478061923783401,0.000561105788920872,0.000405428858342166,1
80,27,432,2,3,2,2023,neo_cervical,Age-standardized,Cervical cancer,FALSE,France,admin0,daly,DALYs (Disability-Adjusted Life Years),Rate,Female,0.000828366889779247,0.000938235220300121,0.000713542599793774,1
81,27,432,2,3,2,2023,neo_cervical,Age-standardized,Cervical cancer,FALSE,Germany,admin0,daly,DALYs (Disability-Adjusted Life Years),Rate,Female,0.000951838643582363,0.00106109282676037,0.000866195485309848,1
82,27,432,2,3,2,2023,neo_cervical,Age-standardized,Cervical cancer,FALSE,Greece,admin0,daly,DALYs (Disability-Adjusted Life Years),Rate,Female,0.000791847970935165,0.000914811571489635,0.000676575593380566,1
83,27,432,2,3,2,2023,neo_cervical,Age-standardized,Cervical cancer,FALSE,Iceland,admin0,daly,DALYs (Disability-Adjusted Life Years),Rate,Female,0.000609956979688348,0.000707561661017825,0.000508860138141399,1
84,27,432,2,3,2,2023,neo_cervical,Age-standardized,Cervical cancer,FALSE,Ireland,admin0,daly,DALYs (Disability-Adjusted Life Years),Rate,Female,0.000718033698384736,0.000847976277607234,0.000582646471248492,1
85,27,432,2,3,2,2023,neo_cervical,Age-standardized,Cervical cancer,FALSE,Israel,admin0,daly,DALYs (Disability-Adjusted Life Years),Rate,Female,0.000601231673267031,0.00069926685917666,0.000506575785318531,1
86,27,432,2,3,2,2023,neo_cervical,Age-standardized,Cervical cancer,FALSE,Italy,admin0,daly,DALYs (Disability-Adjusted Life Years),Rate,Female,0.000698954726876768,0.000811085072162959,0.000594069576686273,0
87,27,432,2,3,2,2023,neo_cervical,Age-standardized,Cervical cancer,FALSE,Luxembourg,admin0,daly,DALYs (Disability-Adjusted Life Years),Rate,Female,0.000453671315995004,0.000520568491762407,0.000380762334466308,1
88,27,432,2,3,2,2023,neo_cervical,Age-standardized,Cervical cancer,FALSE,Malta,admin0,daly,DALYs (Disability-Adjusted Life Years),Rate,Female,0.000462264312104512,0.000551405991230944,0.000382398727584383,1
89,27,432,2,3,2,2023,neo_cervical,Age-standardized,Cervical cancer,FALSE,Netherlands,admin0,daly,DALYs (Disability-Adjusted Life Years),Rate,Female,0.000605113026589608,0.000682588961016973,0.000524517392254945,1
90,27,432,2,3,2,2023,neo_cervical,Age-standardized,Cervical cancer,FALSE,Norway,admin0,daly,DALYs (Disability-Adjusted Life Years),Rate,Female,0.000797181519387655,0.000920860007640364,0.000663372597108971,0
91,27,432,2,3,2,2023,neo_cervical,Age-standardized,Cervical cancer,FALSE,Portugal,admin0,daly,DALYs (Disability-Adjusted Life Years),Rate,Female,0.000962258545810471,0.00110479488854942,0.000816049517537678,1
92,27,432,2,3,2,2023,neo_cervical,Age-standardized,Cervical cancer,FALSE,Spain,admin0,daly,DALYs (Disability-Adjusted Life Years),Rate,Female,0.000680623172662901,0.000770145713761545,0.000608514831168455,1
93,27,432,2,3,2,2023,neo_cervical,Age-standardized,Cervical cancer,FALSE,Sweden,admin0,daly,DALYs (Disability-Adjusted Life Years),Rate,Female,0.000684311652179456,0.000770912679312853,0.000581971241688011,1
94,27,432,2,3,2,2023,neo_cervical,Age-standardized,Cervical cancer,FALSE,Switzerland,admin0,daly,DALYs (Disability-Adjusted Life Years),Rate,Female,0.000493281749107677,0.000572182049829345,0.000412494534850178,1
95,27,432,2,3,2,2023,neo_cervical,Age-standardized,Cervical cancer,FALSE,United Kingdom,admin0,daly,DALYs (Disability-Adjusted Life Years),Rate,Female,0.000908043486068735,0.00101118700110957,0.000810717101867781,0
96,27,432,2,3,2,2023,neo_cervical,Age-standardized,Cervical cancer,FALSE,Southern Latin America,region,daly,DALYs (Disability-Adjusted Life Years),Rate,Female,0.00318768910734892,0.00353034951024847,0.00283647651029462,0
97,27,432,2,3,2,2023,neo_cervical,Age-standardized,Cervical cancer,FALSE,Argentina,admin0,daly,DALYs (Disability-Adjusted Life Years),Rate,Female,0.00362631149762799,0.00411299276198927,0.00308339965316918,1
98,27,432,2,3,2,2023,neo_cervical,Age-standardized,Cervical cancer,FALSE,Chile,admin0,daly,DALYs (Disability-Adjusted Life Years),Rate,Female,0.00219754401011729,0.00239174217247309,0.00203864248894889,1
99,27,432,2,3,2,2023,neo_cervical,Age-standardized,Cervical cancer,FALSE,Uruguay,admin0,daly,DALYs (Disability-Adjusted Life Years),Rate,Female,0.00286702952475276,0.00335146309918322,0.00236180131623767,1
100,27,432,2,3,2,2023,neo_cervical,Age-standardized,Cervical cancer,FALSE,High-income North America,region,daly,DALYs (Disability-Adjusted Life Years),Rate,Female,0.000943584258528472,0.00106139649414064,0.000814673665972401,0
101,27,432,2,3,2,2023,neo_cervical,Age-standardized,Cervical cancer,FALSE,Canada,admin0,daly,DALYs (Disability-Adjusted Life Years),Rate,Female,0.000872983640806458,0.000983619410649495,0.000752061321055686,1
102,27,432,2,3,2,2023,neo_cervical,Age-standardized,Cervical cancer,FALSE,United States of America,admin0,daly,DALYs (Disability-Adjusted Life Years),Rate,Female,0.000951951062524311,0.00107473915870944,0.000821899060208763,0
103,27,432,2,3,2,2023,neo_cervical,Age-standardized,Cervical cancer,FALSE,Latin America and Caribbean,superregion,daly,DALYs (Disability-Adjusted Life Years),Rate,Female,0.00321105582666233,0.00348161082453703,0.00296239125030092,0
104,27,432,2,3,2,2023,neo_cervical,Age-standardized,Cervical cancer,FALSE,Caribbean,region,daly,DALYs (Disability-Adjusted Life Years),Rate,Female,0.00444024739634063,0.0059438798284807,0.0032250769857628,0
105,27,432,2,3,2,2023,neo_cervical,Age-standardized,Cervical cancer,FALSE,Antigua and Barbuda,admin0,daly,DALYs (Disability-Adjusted Life Years),Rate,Female,0.00314987528447597,0.00376979426161452,0.00260767746553993,1
106,27,432,2,3,2,2023,neo_cervical,Age-standardized,Cervical cancer,FALSE,Bahamas,admin0,daly,DALYs (Disability-Adjusted Life Years),Rate,Female,0.00374682208906877,0.00447150650578088,0.00312104967707741,1
107,27,432,2,3,2,2023,neo_cervical,Age-standardized,Cervical cancer,FALSE,Barbados,admin0,daly,DALYs (Disability-Adjusted Life Years),Rate,Female,0.00420312778513873,0.00491879346153344,0.00348071675810863,1
108,27,432,2,3,2,2023,neo_cervical,Age-standardized,Cervical cancer,FALSE,Belize,admin0,daly,DALYs (Disability-Adjusted Life Years),Rate,Female,0.0053002713890159,0.00638654846748141,0.00433531687363561,1
109,27,432,2,3,2,2023,neo_cervical,Age-standardized,Cervical cancer,FALSE,Cuba,admin0,daly,DALYs (Disability-Adjusted Life Years),Rate,Female,0.00205888271446058,0.00238934412385557,0.0017574393742792,1
110,27,432,2,3,2,2023,neo_cervical,Age-standardized,Cervical cancer,FALSE,Dominica,admin0,daly,DALYs (Disability-Adjusted Life Years),Rate,Female,0.00416578306432773,0.00624023504645162,0.00269359600322898,1
111,27,432,2,3,2,2023,neo_cervical,Age-standardized,Cervical cancer,FALSE,Dominican Republic,admin0,daly,DALYs (Disability-Adjusted Life Years),Rate,Female,0.00376370163614145,0.00527917155391801,0.00251359798916901,1
112,27,432,2,3,2,2023,neo_cervical,Age-standardized,Cervical cancer,FALSE,Grenada,admin0,daly,DALYs (Disability-Adjusted Life Years),Rate,Female,0.00479435976264844,0.00604623650229297,0.00388580652121901,1
113,27,432,2,3,2,2023,neo_cervical,Age-standardized,Cervical cancer,FALSE,Guyana,admin0,daly,DALYs (Disability-Adjusted Life Years),Rate,Female,0.00591368626191238,0.00743497994571648,0.00454276279456499,1
114,27,432,2,3,2,2023,neo_cervical,Age-standardized,Cervical cancer,FALSE,Haiti,admin0,daly,DALYs (Disability-Adjusted Life Years),Rate,Female,0.00907262672418285,0.0146258973603721,0.00400228999530474,1
115,27,432,2,3,2,2023,neo_cervical,Age-standardized,Cervical cancer,FALSE,Jamaica,admin0,daly,DALYs (Disability-Adjusted Life Years),Rate,Female,0.00470160438024006,0.00577414196804648,0.00379545411762511,1
116,27,432,2,3,2,2023,neo_cervical,Age-standardized,Cervical cancer,FALSE,Saint Lucia,admin0,daly,DALYs (Disability-Adjusted Life Years),Rate,Female,0.00426807087918526,0.00506404398995739,0.00355411331032281,1
117,27,432,2,3,2,2023,neo_cervical,Age-standardized,Cervical cancer,FALSE,Saint Vincent and the Grenadines,admin0,daly,DALYs (Disability-Adjusted Life Years),Rate,Female,0.00541174663855066,0.00676766319084253,0.00433817573221827,1
118,27,432,2,3,2,2023,neo_cervical,Age-standardized,Cervical cancer,FALSE,Suriname,admin0,daly,DALYs (Disability-Adjusted Life Years),Rate,Female,0.00563512549737342,0.00803071645258721,0.00372453326126671,1
119,27,432,2,3,2,2023,neo_cervical,Age-standardized,Cervical cancer,FALSE,Trinidad and Tobago,admin0,daly,DALYs (Disability-Adjusted Life Years),Rate,Female,0.00413479077966093,0.0048406486240621,0.00345556704363105,1
120,27,432,2,3,2,2023,neo_cervical,Age-standardized,Cervical cancer,FALSE,Andean Latin America,region,daly,DALYs (Disability-Adjusted Life Years),Rate,Female,0.00446548734145113,0.00565699669707035,0.00359635341410362,0
121,27,432,2,3,2,2023,neo_cervical,Age-standardized,Cervical cancer,FALSE,Bolivia (Plurinational State of),admin0,daly,DALYs (Disability-Adjusted Life Years),Rate,Female,0.00641514961954062,0.00910311155772678,0.00428756219676709,1
122,27,432,2,3,2,2023,neo_cervical,Age-standardized,Cervical cancer,FALSE,Ecuador,admin0,daly,DALYs (Disability-Adjusted Life Years),Rate,Female,0.00316857900031032,0.00358060963034786,0.00278922027804811,1
123,27,432,2,3,2,2023,neo_cervical,Age-standardized,Cervical cancer,FALSE,Peru,admin0,daly,DALYs (Disability-Adjusted Life Years),Rate,Female,0.00448965844702816,0.00592239763361163,0.00328933869696293,1
124,27,432,2,3,2,2023,neo_cervical,Age-standardized,Cervical cancer,FALSE,Central Latin America,region,daly,DALYs (Disability-Adjusted Life Years),Rate,Female,0.00312184477178515,0.00341202803327393,0.00284459061673648,0
125,27,432,2,3,2,2023,neo_cervical,Age-standardized,Cervical cancer,FALSE,Colombia,admin0,daly,DALYs (Disability-Adjusted Life Years),Rate,Female,0.00253574824505337,0.00281441770738178,0.00231103140305674,1
126,27,432,2,3,2,2023,neo_cervical,Age-standardized,Cervical cancer,FALSE,Costa Rica,admin0,daly,DALYs (Disability-Adjusted Life Years),Rate,Female,0.00211520566849239,0.00240714579470642,0.00180896956623143,1
127,27,432,2,3,2,2023,neo_cervical,Age-standardized,Cervical cancer,FALSE,El Salvador,admin0,daly,DALYs (Disability-Adjusted Life Years),Rate,Female,0.00571525679358244,0.00815873966350741,0.00409894691949464,1
128,27,432,2,3,2,2023,neo_cervical,Age-standardized,Cervical cancer,FALSE,Guatemala,admin0,daly,DALYs (Disability-Adjusted Life Years),Rate,Female,0.00453873004130137,0.00558904382852092,0.0037449295679958,1
129,27,432,2,3,2,2023,neo_cervical,Age-standardized,Cervical cancer,FALSE,Honduras,admin0,daly,DALYs (Disability-Adjusted Life Years),Rate,Female,0.0029686094209806,0.00543246586324118,0.00138405999514836,1
130,27,432,2,3,2,2023,neo_cervical,Age-standardized,Cervical cancer,FALSE,Mexico,admin0,daly,DALYs (Disability-Adjusted Life Years),Rate,Female,0.0023056640484426,0.0025422000525204,0.00204278216922905,0
131,27,432,2,3,2,2023,neo_cervical,Age-standardized,Cervical cancer,FALSE,Nicaragua,admin0,daly,DALYs (Disability-Adjusted Life Years),Rate,Female,0.00496462341787525,0.00786491885648874,0.00371375197821861,1
132,27,432,2,3,2,2023,neo_cervical,Age-standardized,Cervical cancer,FALSE,Panama,admin0,daly,DALYs (Disability-Adjusted Life Years),Rate,Female,0.00302784169191912,0.00347384594731014,0.00255825844057041,1
133,27,432,2,3,2,2023,neo_cervical,Age-standardized,Cervical cancer,FALSE,Venezuela (Bolivarian Republic of),admin0,daly,DALYs (Disability-Adjusted Life Years),Rate,Female,0.00672064567865995,0.00859861633267223,0.00508989240485589,1
134,27,432,2,3,2,2023,neo_cervical,Age-standardized,Cervical cancer,FALSE,Tropical Latin America,region,daly,DALYs (Disability-Adjusted Life Years),Rate,Female,0.00277690864595956,0.00296964719386272,0.00258743888945052,0
135,27,432,2,3,2,2023,neo_cervical,Age-standardized,Cervical cancer,FALSE,Brazil,admin0,daly,DALYs (Disability-Adjusted Life Years),Rate,Female,0.00271067903097079,0.00289433582050871,0.00254525532454915,0
136,27,432,2,3,2,2023,neo_cervical,Age-standardized,Cervical cancer,FALSE,Paraguay,admin0,daly,DALYs (Disability-Adjusted Life Years),Rate,Female,0.0057051216240501,0.00745638035586866,0.00359063750952157,1
137,27,432,2,3,2,2023,neo_cervical,Age-standardized,Cervical cancer,FALSE,North Africa and Middle East,superregion,daly,DALYs (Disability-Adjusted Life Years),Rate,Female,0.000937226157394339,0.00138443918588789,0.000612814111011856,0
138,27,432,2,3,2,2023,neo_cervical,Age-standardized,Cervical cancer,FALSE,North Africa and Middle East,region,daly,DALYs (Disability-Adjusted Life Years),Rate,Female,0.000937226157394339,0.00138443918588789,0.000612814111011856,0
139,27,432,2,3,2,2023,neo_cervical,Age-standardized,Cervical cancer,FALSE,Algeria,admin0,daly,DALYs (Disability-Adjusted Life Years),Rate,Female,0.00177312550353821,0.00281535519269447,0.00103493879154597,1
140,27,432,2,3,2,2023,neo_cervical,Age-standardized,Cervical cancer,FALSE,Bahrain,admin0,daly,DALYs (Disability-Adjusted Life Years),Rate,Female,0.000612912440161994,0.000928946374641828,0.000386611623558422,1
141,27,432,2,3,2,2023,neo_cervical,Age-standardized,Cervical cancer,FALSE,Egypt,admin0,daly,DALYs (Disability-Adjusted Life Years),Rate,Female,0.000785639803131365,0.00118102857874696,0.000518327745928425,1
142,27,432,2,3,2,2023,neo_cervical,Age-standardized,Cervical cancer,FALSE,Iran (Islamic Republic of),admin0,daly,DALYs (Disability-Adjusted Life Years),Rate,Female,0.000444492022991914,0.000692712504454839,0.000269715885182258,0
143,27,432,2,3,2,2023,neo_cervical,Age-standardized,Cervical cancer,FALSE,Iraq,admin0,daly,DALYs (Disability-Adjusted Life Years),Rate,Female,0.00101542346174821,0.00156341134319713,0.000614473656702128,1
144,27,432,2,3,2,2023,neo_cervical,Age-standardized,Cervical cancer,FALSE,Jordan,admin0,daly,DALYs (Disability-Adjusted Life Years),Rate,Female,0.000659843796527872,0.00100315093510279,0.000412490302882695,1
145,27,432,2,3,2,2023,neo_cervical,Age-standardized,Cervical cancer,FALSE,Kuwait,admin0,daly,DALYs (Disability-Adjusted Life Years),Rate,Female,0.000436317123506088,0.000547165198251309,0.00035719374800575,1
146,27,432,2,3,2,2023,neo_cervical,Age-standardized,Cervical cancer,FALSE,Lebanon,admin0,daly,DALYs (Disability-Adjusted Life Years),Rate,Female,0.000544835816760401,0.000791341769462481,0.000348840802244294,1
147,27,432,2,3,2,2023,neo_cervical,Age-standardized,Cervical cancer,FALSE,Libya,admin0,daly,DALYs (Disability-Adjusted Life Years),Rate,Female,0.00155678818632992,0.00251014122258636,0.000881310007328806,1
148,27,432,2,3,2,2023,neo_cervical,Age-standardized,Cervical cancer,FALSE,Morocco,admin0,daly,DALYs (Disability-Adjusted Life Years),Rate,Female,0.00323007821660947,0.00558195275559327,0.00167504653232324,1
149,27,432,2,3,2,2023,neo_cervical,Age-standardized,Cervical cancer,FALSE,Palestine,admin0,daly,DALYs (Disability-Adjusted Life Years),Rate,Female,0.000285177129313413,0.000431967554369924,0.000173735100383455,1
150,27,432,2,3,2,2023,neo_cervical,Age-standardized,Cervical cancer,FALSE,Oman,admin0,daly,DALYs (Disability-Adjusted Life Years),Rate,Female,0.000433637302517188,0.00069241009551502,0.000270248010585841,1
151,27,432,2,3,2,2023,neo_cervical,Age-standardized,Cervical cancer,FALSE,Qatar,admin0,daly,DALYs (Disability-Adjusted Life Years),Rate,Female,0.000464410379995697,0.000791249759885856,0.000281677175966748,1
152,27,432,2,3,2,2023,neo_cervical,Age-standardized,Cervical cancer,FALSE,Saudi Arabia,admin0,daly,DALYs (Disability-Adjusted Life Years),Rate,Female,0.000630635793884343,0.000976269132480247,0.000409307967527798,1
153,27,432,2,3,2,2023,neo_cervical,Age-standardized,Cervical cancer,FALSE,Syrian Arab Republic,admin0,daly,DALYs (Disability-Adjusted Life Years),Rate,Female,0.000355631657271207,0.00063779695861286,0.000190970383088469,1
154,27,432,2,3,2,2023,neo_cervical,Age-standardized,Cervical cancer,FALSE,Tunisia,admin0,daly,DALYs (Disability-Adjusted Life Years),Rate,Female,0.000913844228357113,0.00133354233418329,0.000624613937170496,1
155,27,432,2,3,2,2023,neo_cervical,Age-standardized,Cervical cancer,FALSE,Türkiye,admin0,daly,DALYs (Disability-Adjusted Life Years),Rate,Female,0.000548218308192833,0.000775311958429925,0.000398229612852618,1
156,27,432,2,3,2,2023,neo_cervical,Age-standardized,Cervical cancer,FALSE,United Arab Emirates,admin0,daly,DALYs (Disability-Adjusted Life Years),Rate,Female,0.00104664062748594,0.00167223770084967,0.00066312415264625,1
157,27,432,2,3,2,2023,neo_cervical,Age-standardized,Cervical cancer,FALSE,Yemen,admin0,daly,DALYs (Disability-Adjusted Life Years),Rate,Female,0.000774436230071036,0.00132555260843778,0.000379170074808003,1
158,27,432,2,3,2,2023,neo_cervical,Age-standardized,Cervical cancer,FALSE,South Asia,superregion,daly,DALYs (Disability-Adjusted Life Years),Rate,Female,0.00377186858416978,0.0055837966709087,0.00255787184711957,0
159,27,432,2,3,2,2023,neo_cervical,Age-standardized,Cervical cancer,FALSE,South Asia,region,daly,DALYs (Disability-Adjusted Life Years),Rate,Female,0.00377186858416978,0.0055837966709087,0.00255787184711957,0
160,27,432,2,3,2,2023,neo_cervical,Age-standardized,Cervical cancer,FALSE,Afghanistan,admin0,daly,DALYs (Disability-Adjusted Life Years),Rate,Female,0.000909581928953175,0.00169685342635058,0.000341237098425336,1
161,27,432,2,3,2,2023,neo_cervical,Age-standardized,Cervical cancer,FALSE,Bangladesh,admin0,daly,DALYs (Disability-Adjusted Life Years),Rate,Female,0.00649289084281904,0.00921206109508025,0.0038928128561017,1
162,27,432,2,3,2,2023,neo_cervical,Age-standardized,Cervical cancer,FALSE,Bhutan,admin0,daly,DALYs (Disability-Adjusted Life Years),Rate,Female,0.0054368781350554,0.00868793980328726,0.00294731338709684,1
163,27,432,2,3,2,2023,neo_cervical,Age-standardized,Cervical cancer,FALSE,India,admin0,daly,DALYs (Disability-Adjusted Life Years),Rate,Female,0.00333169215676699,0.00508688983193992,0.00226589418398784,0
164,27,432,2,3,2,2023,neo_cervical,Age-standardized,Cervical cancer,FALSE,Nepal,admin0,daly,DALYs (Disability-Adjusted Life Years),Rate,Female,0.00309576121754275,0.00468760056508124,0.00161403867092513,1
165,27,432,2,3,2,2023,neo_cervical,Age-standardized,Cervical cancer,FALSE,Pakistan,admin0,daly,DALYs (Disability-Adjusted Life Years),Rate,Female,0.00493538969964593,0.00856254895297626,0.00278472606932323,0
166,27,432,2,3,2,2023,neo_cervical,Age-standardized,Cervical cancer,FALSE,Sub-Saharan Africa,superregion,daly,DALYs (Disability-Adjusted Life Years),Rate,Female,0.010409027094362,0.0145250796526695,0.00738023781384702,0
167,27,432,2,3,2,2023,neo_cervical,Age-standardized,Cervical cancer,FALSE,Central Sub-Saharan Africa,region,daly,DALYs (Disability-Adjusted Life Years),Rate,Female,0.0122885426711206,0.0193954258624559,0.00735843142793922,0
168,27,432,2,3,2,2023,neo_cervical,Age-standardized,Cervical cancer,FALSE,Angola,admin0,daly,DALYs (Disability-Adjusted Life Years),Rate,Female,0.00733101736708145,0.0107266615835059,0.00478583584661469,1
169,27,432,2,3,2,2023,neo_cervical,Age-standardized,Cervical cancer,FALSE,Central African Republic,admin0,daly,DALYs (Disability-Adjusted Life Years),Rate,Female,0.0128511023713582,0.021372734556732,0.0061202971221652,1
170,27,432,2,3,2,2023,neo_cervical,Age-standardized,Cervical cancer,FALSE,Congo,admin0,daly,DALYs (Disability-Adjusted Life Years),Rate,Female,0.00765597533261939,0.0136591585901463,0.00452224723341976,1
171,27,432,2,3,2,2023,neo_cervical,Age-standardized,Cervical cancer,FALSE,Democratic Republic of the Congo,admin0,daly,DALYs (Disability-Adjusted Life Years),Rate,Female,0.0146207084010128,0.0249742309876725,0.00830801237632502,1
172,27,432,2,3,2,2023,neo_cervical,Age-standardized,Cervical cancer,FALSE,Equatorial Guinea,admin0,daly,DALYs (Disability-Adjusted Life Years),Rate,Female,0.0132924157164256,0.0200981274046661,0.00765665122263349,1
173,27,432,2,3,2,2023,neo_cervical,Age-standardized,Cervical cancer,FALSE,Gabon,admin0,daly,DALYs (Disability-Adjusted Life Years),Rate,Female,0.00878437901306294,0.0137922526482802,0.00580189880556867,1
174,27,432,2,3,2,2023,neo_cervical,Age-standardized,Cervical cancer,FALSE,Eastern Sub-Saharan Africa,region,daly,DALYs (Disability-Adjusted Life Years),Rate,Female,0.0147056638296103,0.0204941243030364,0.0104259520504482,0
175,27,432,2,3,2,2023,neo_cervical,Age-standardized,Cervical cancer,FALSE,Burundi,admin0,daly,DALYs (Disability-Adjusted Life Years),Rate,Female,0.0152325191148358,0.0231122510806524,0.00906763812525624,1
176,27,432,2,3,2,2023,neo_cervical,Age-standardized,Cervical cancer,FALSE,Comoros,admin0,daly,DALYs (Disability-Adjusted Life Years),Rate,Female,0.00331310742180702,0.0056499788592941,0.00189208157487171,1
177,27,432,2,3,2,2023,neo_cervical,Age-standardized,Cervical cancer,FALSE,Djibouti,admin0,daly,DALYs (Disability-Adjusted Life Years),Rate,Female,0.0110008402552459,0.0188682089552903,0.00634414677237227,1
178,27,432,2,3,2,2023,neo_cervical,Age-standardized,Cervical cancer,FALSE,Eritrea,admin0,daly,DALYs (Disability-Adjusted Life Years),Rate,Female,0.0181626176507608,0.0284667509312297,0.0113619768228347,1
179,27,432,2,3,2,2023,neo_cervical,Age-standardized,Cervical cancer,FALSE,Ethiopia,admin0,daly,DALYs (Disability-Adjusted Life Years),Rate,Female,0.0178224671880991,0.0290984900051956,0.0101395060929924,0
180,27,432,2,3,2,2023,neo_cervical,Age-standardized,Cervical cancer,FALSE,Kenya,admin0,daly,DALYs (Disability-Adjusted Life Years),Rate,Female,0.00847376782477658,0.0121631685626714,0.00545557696738711,0
181,27,432,2,3,2,2023,neo_cervical,Age-standardized,Cervical cancer,FALSE,Madagascar,admin0,daly,DALYs (Disability-Adjusted Life Years),Rate,Female,0.0155761812372679,0.0249177246573992,0.00949471734280257,1
182,27,432,2,3,2,2023,neo_cervical,Age-standardized,Cervical cancer,FALSE,Malawi,admin0,daly,DALYs (Disability-Adjusted Life Years),Rate,Female,0.0259873268676987,0.0431285683148271,0.0126411308769161,1
183,27,432,2,3,2,2023,neo_cervical,Age-standardized,Cervical cancer,FALSE,Mauritius,admin0,daly,DALYs (Disability-Adjusted Life Years),Rate,Female,0.00208642032905804,0.00244726986335268,0.00177078279716358,1
184,27,432,2,3,2,2023,neo_cervical,Age-standardized,Cervical cancer,FALSE,Mozambique,admin0,daly,DALYs (Disability-Adjusted Life Years),Rate,Female,0.0082235527504752,0.0122697786298781,0.00487001979952061,1
185,27,432,2,3,2,2023,neo_cervical,Age-standardized,Cervical cancer,FALSE,Rwanda,admin0,daly,DALYs (Disability-Adjusted Life Years),Rate,Female,0.0136742565926667,0.0225186066544768,0.00687420485221832,1
186,27,432,2,3,2,2023,neo_cervical,Age-standardized,Cervical cancer,FALSE,Seychelles,admin0,daly,DALYs (Disability-Adjusted Life Years),Rate,Female,0.0050381267762231,0.00726237569757297,0.00339589858256864,1
187,27,432,2,3,2,2023,neo_cervical,Age-standardized,Cervical cancer,FALSE,Somalia,admin0,daly,DALYs (Disability-Adjusted Life Years),Rate,Female,0.008279024460808,0.0139047618423101,0.00483133841932426,1
189,27,432,2,3,2,2023,neo_cervical,Age-standardized,Cervical cancer,FALSE,United Republic of Tanzania,admin0,daly,DALYs (Disability-Adjusted Life Years),Rate,Female,0.0144827705019383,0.0209661953578529,0.00959552887694151,1
190,27,432,2,3,2,2023,neo_cervical,Age-standardized,Cervical cancer,FALSE,Uganda,admin0,daly,DALYs (Disability-Adjusted Life Years),Rate,Female,0.0122873443885498,0.0189016586676486,0.00776904157588915,1
191,27,432,2,3,2,2023,neo_cervical,Age-standardized,Cervical cancer,FALSE,Zambia,admin0,daly,DALYs (Disability-Adjusted Life Years),Rate,Female,0.021638047338447,0.0332885351598886,0.0138974866655499,1
192,27,432,2,3,2,2023,neo_cervical,Age-standardized,Cervical cancer,FALSE,Southern Sub-Saharan Africa,region,daly,DALYs (Disability-Adjusted Life Years),Rate,Female,0.00825275698221394,0.0113870327510818,0.00608582283975654,0
193,27,432,2,3,2,2023,neo_cervical,Age-standardized,Cervical cancer,FALSE,Botswana,admin0,daly,DALYs (Disability-Adjusted Life Years),Rate,Female,0.00840509596365722,0.0133988425225168,0.00493052824648986,1
194,27,432,2,3,2,2023,neo_cervical,Age-standardized,Cervical cancer,FALSE,Lesotho,admin0,daly,DALYs (Disability-Adjusted Life Years),Rate,Female,0.0151183816228189,0.0264202442221752,0.00685232514673038,1
195,27,432,2,3,2,2023,neo_cervical,Age-standardized,Cervical cancer,FALSE,Namibia,admin0,daly,DALYs (Disability-Adjusted Life Years),Rate,Female,0.00761147738533011,0.0119518102568409,0.00455800047959833,1
196,27,432,2,3,2,2023,neo_cervical,Age-standardized,Cervical cancer,FALSE,South Africa,admin0,daly,DALYs (Disability-Adjusted Life Years),Rate,Female,0.00834459899016299,0.0119965855774332,0.00611609897375072,0
197,27,432,2,3,2,2023,neo_cervical,Age-standardized,Cervical cancer,FALSE,Eswatini,admin0,daly,DALYs (Disability-Adjusted Life Years),Rate,Female,0.0299914341372839,0.0463316313278403,0.0175973902908905,1
198,27,432,2,3,2,2023,neo_cervical,Age-standardized,Cervical cancer,FALSE,Zimbabwe,admin0,daly,DALYs (Disability-Adjusted Life Years),Rate,Female,0.00492441506137022,0.00754800924725235,0.00298110015733239,1
199,27,432,2,3,2,2023,neo_cervical,Age-standardized,Cervical cancer,FALSE,Western Sub-Saharan Africa,region,daly,DALYs (Disability-Adjusted Life Years),Rate,Female,0.00660441742928451,0.00947110346435977,0.00448856164175934,0
200,27,432,2,3,2,2023,neo_cervical,Age-standardized,Cervical cancer,FALSE,Benin,admin0,daly,DALYs (Disability-Adjusted Life Years),Rate,Female,0.00343346769875646,0.0051694934647409,0.0021666371021415,1
201,27,432,2,3,2,2023,neo_cervical,Age-standardized,Cervical cancer,FALSE,Burkina Faso,admin0,daly,DALYs (Disability-Adjusted Life Years),Rate,Female,0.00588542984705985,0.00886584051016414,0.00369236265571159,1
202,27,432,2,3,2,2023,neo_cervical,Age-standardized,Cervical cancer,FALSE,Cameroon,admin0,daly,DALYs (Disability-Adjusted Life Years),Rate,Female,0.00797413289096329,0.0136700155957387,0.00463661351460687,1
203,27,432,2,3,2,2023,neo_cervical,Age-standardized,Cervical cancer,FALSE,Cabo Verde,admin0,daly,DALYs (Disability-Adjusted Life Years),Rate,Female,0.00512685750302561,0.00864484546935375,0.00284340279432405,1
204,27,432,2,3,2,2023,neo_cervical,Age-standardized,Cervical cancer,FALSE,Chad,admin0,daly,DALYs (Disability-Adjusted Life Years),Rate,Female,0.01042928092629,0.0192192288450573,0.00585405443902236,1
205,27,432,2,3,2,2023,neo_cervical,Age-standardized,Cervical cancer,FALSE,Côte d'Ivoire,admin0,daly,DALYs (Disability-Adjusted Life Years),Rate,Female,0.00639114095156836,0.00999326013045034,0.00394839425902782,1
206,27,432,2,3,2,2023,neo_cervical,Age-standardized,Cervical cancer,FALSE,Gambia,admin0,daly,DALYs (Disability-Adjusted Life Years),Rate,Female,0.00475962061166763,0.00834455050525394,0.00265649724407197,1
207,27,432,2,3,2,2023,neo_cervical,Age-standardized,Cervical cancer,FALSE,Ghana,admin0,daly,DALYs (Disability-Adjusted Life Years),Rate,Female,0.00578508321618697,0.0103271984312444,0.003076338446692,1
208,27,432,2,3,2,2023,neo_cervical,Age-standardized,Cervical cancer,FALSE,Guinea,admin0,daly,DALYs (Disability-Adjusted Life Years),Rate,Female,0.0123464293529519,0.0193502526115891,0.00770958971842377,1
209,27,432,2,3,2,2023,neo_cervical,Age-standardized,Cervical cancer,FALSE,Guinea-Bissau,admin0,daly,DALYs (Disability-Adjusted Life Years),Rate,Female,0.00942291929028181,0.0151386600953765,0.00571777295437767,1
210,27,432,2,3,2,2023,neo_cervical,Age-standardized,Cervical cancer,FALSE,Liberia,admin0,daly,DALYs (Disability-Adjusted Life Years),Rate,Female,0.00958125938697594,0.0169214467943969,0.00522092623881668,1
211,27,432,2,3,2,2023,neo_cervical,Age-standardized,Cervical cancer,FALSE,Mali,admin0,daly,DALYs (Disability-Adjusted Life Years),Rate,Female,0.0104990733105585,0.0152332337312067,0.00692820265480371,1
212,27,432,2,3,2,2023,neo_cervical,Age-standardized,Cervical cancer,FALSE,Mauritania,admin0,daly,DALYs (Disability-Adjusted Life Years),Rate,Female,0.00793661252614355,0.0126483097894671,0.00437108813194544,1
213,27,432,2,3,2,2023,neo_cervical,Age-standardized,Cervical cancer,FALSE,Niger,admin0,daly,DALYs (Disability-Adjusted Life Years),Rate,Female,0.00275015262151785,0.00464974267320382,0.00168532586844614,1
214,27,432,2,3,2,2023,neo_cervical,Age-standardized,Cervical cancer,FALSE,Nigeria,admin0,daly,DALYs (Disability-Adjusted Life Years),Rate,Female,0.00610599225982262,0.00897021838014077,0.00412659408517017,0
215,27,432,2,3,2,2023,neo_cervical,Age-standardized,Cervical cancer,FALSE,Sao Tome and Principe,admin0,daly,DALYs (Disability-Adjusted Life Years),Rate,Female,0.0088707156944371,0.0169875266863009,0.00356827800132525,1
216,27,432,2,3,2,2023,neo_cervical,Age-standardized,Cervical cancer,FALSE,Senegal,admin0,daly,DALYs (Disability-Adjusted Life Years),Rate,Female,0.00616931824176714,0.00932281379205525,0.00394424352253247,1
217,27,432,2,3,2,2023,neo_cervical,Age-standardized,Cervical cancer,FALSE,Sierra Leone,admin0,daly,DALYs (Disability-Adjusted Life Years),Rate,Female,0.00827275308738241,0.0132981904617035,0.00464476475746986,1
218,27,432,2,3,2,2023,neo_cervical,Age-standardized,Cervical cancer,FALSE,Togo,admin0,daly,DALYs (Disability-Adjusted Life Years),Rate,Female,0.00729354528075324,0.0121878583460223,0.00444521307676223,1
298,27,432,2,3,2,2023,neo_cervical,Age-standardized,Cervical cancer,FALSE,American Samoa,nonsovereign,daly,DALYs (Disability-Adjusted Life Years),Rate,Female,0.00299439473370961,0.00458410838891213,0.00178482047916953,1
305,27,432,2,3,2,2023,neo_cervical,Age-standardized,Cervical cancer,FALSE,Bermuda,nonsovereign,daly,DALYs (Disability-Adjusted Life Years),Rate,Female,0.00106228517357262,0.00124527334479273,0.000917417424866651,1
320,27,432,2,3,2,2023,neo_cervical,Age-standardized,Cervical cancer,FALSE,Cook Islands,nonsovereign,daly,DALYs (Disability-Adjusted Life Years),Rate,Female,0.00168831701316992,0.00251097572265663,0.00107165374282737,1
349,27,432,2,3,2,2023,neo_cervical,Age-standardized,Cervical cancer,FALSE,Greenland,nonsovereign,daly,DALYs (Disability-Adjusted Life Years),Rate,Female,0.00314740118352943,0.00523789306804131,0.00193157157407229,1
351,27,432,2,3,2,2023,neo_cervical,Age-standardized,Cervical cancer,FALSE,Guam,nonsovereign,daly,DALYs (Disability-Adjusted Life Years),Rate,Female,0.000886595636638603,0.001070274493695,0.000740424642386659,1
367,27,432,2,3,2,2023,neo_cervical,Age-standardized,Cervical cancer,FALSE,Monaco,admin0,daly,DALYs (Disability-Adjusted Life Years),Rate,Female,0.000945866409224841,0.00139993058498078,0.000614569576862492,1
369,27,432,2,3,2,2023,neo_cervical,Age-standardized,Cervical cancer,FALSE,Nauru,admin0,daly,DALYs (Disability-Adjusted Life Years),Rate,Female,0.0111815678523615,0.0173780536466238,0.00644271226209154,1
374,27,432,2,3,2,2023,neo_cervical,Age-standardized,Cervical cancer,FALSE,Niue,nonsovereign,daly,DALYs (Disability-Adjusted Life Years),Rate,Female,0.0038194859451535,0.00640754863051727,0.00224380746278654,1
376,27,432,2,3,2,2023,neo_cervical,Age-standardized,Cervical cancer,FALSE,Northern Mariana Islands,nonsovereign,daly,DALYs (Disability-Adjusted Life Years),Rate,Female,0.00384014922589077,0.0068142784059531,0.00234248157220243,1
380,27,432,2,3,2,2023,neo_cervical,Age-standardized,Cervical cancer,FALSE,Palau,admin0,daly,DALYs (Disability-Adjusted Life Years),Rate,Female,0.0121244893655758,0.0175892831963692,0.00810434888241797,1
385,27,432,2,3,2,2023,neo_cervical,Age-standardized,Cervical cancer,FALSE,Puerto Rico,nonsovereign,daly,DALYs (Disability-Adjusted Life Years),Rate,Female,0.00113715277252623,0.00129614243283314,0.000971497273076069,1
393,27,432,2,3,2,2023,neo_cervical,Age-standardized,Cervical cancer,FALSE,Saint Kitts and Nevis,admin0,daly,DALYs (Disability-Adjusted Life Years),Rate,Female,0.00444196883004149,0.00519158756765355,0.00381627912748815,1
396,27,432,2,3,2,2023,neo_cervical,Age-standardized,Cervical cancer,FALSE,San Marino,admin0,daly,DALYs (Disability-Adjusted Life Years),Rate,Female,0.000377111372425893,0.000537080041498416,0.000233325762939879,1
413,27,432,2,3,2,2023,neo_cervical,Age-standardized,Cervical cancer,FALSE,Tokelau,nonsovereign,daly,DALYs (Disability-Adjusted Life Years),Rate,Female,0.00228010311583005,0.00402351824425236,0.001309209098188,1
416,27,432,2,3,2,2023,neo_cervical,Age-standardized,Cervical cancer,FALSE,Tuvalu,admin0,daly,DALYs (Disability-Adjusted Life Years),Rate,Female,0.00597929483771855,0.00981612057467609,0.00366644373339804,1
422,27,432,2,3,2,2023,neo_cervical,Age-standardized,Cervical cancer,FALSE,United States Virgin Islands,nonsovereign,daly,DALYs (Disability-Adjusted Life Years),Rate,Female,0.00240094018574113,0.00294605600255015,0.00196532584180536,1
433,27,432,2,3,2,2023,neo_cervical,Age-standardized,Cervical cancer,FALSE,Northern Ireland,admin1,daly,DALYs (Disability-Adjusted Life Years),Rate,Female,0.000918773527004998,0.0010858570722696,0.000755189853431341,1
434,27,432,2,3,2,2023,neo_cervical,Age-standardized,Cervical cancer,FALSE,Scotland,admin1,daly,DALYs (Disability-Adjusted Life Years),Rate,Female,0.0012895762638712,0.00151469896463871,0.00107276363587318,1
435,27,432,2,3,2,2023,neo_cervical,Age-standardized,Cervical cancer,FALSE,South Sudan,admin0,daly,DALYs (Disability-Adjusted Life Years),Rate,Female,0.0202636084941904,0.0317478248922489,0.0121757694412157,1
482,27,432,2,3,2,2023,neo_cervical,Age-standardized,Cervical cancer,FALSE,Eastern Cape,admin1,daly,DALYs (Disability-Adjusted Life Years),Rate,Female,0.00946114192999017,0.0161634501919583,0.00594355954734478,1
483,27,432,2,3,2,2023,neo_cervical,Age-standardized,Cervical cancer,FALSE,Free State,admin1,daly,DALYs (Disability-Adjusted Life Years),Rate,Female,0.0114082730661684,0.0167787704908807,0.0077556518816611,1
484,27,432,2,3,2,2023,neo_cervical,Age-standardized,Cervical cancer,FALSE,Gauteng,admin1,daly,DALYs (Disability-Adjusted Life Years),Rate,Female,0.00542763966346364,0.00747916817252375,0.00387318616070946,1
485,27,432,2,3,2,2023,neo_cervical,Age-standardized,Cervical cancer,FALSE,KwaZulu-Natal,admin1,daly,DALYs (Disability-Adjusted Life Years),Rate,Female,0.00970037707219298,0.0170439662465518,0.00640825799959578,1
486,27,432,2,3,2,2023,neo_cervical,Age-standardized,Cervical cancer,FALSE,Limpopo,admin1,daly,DALYs (Disability-Adjusted Life Years),Rate,Female,0.0111504510733971,0.0156238483580464,0.00754067613160004,1
487,27,432,2,3,2,2023,neo_cervical,Age-standardized,Cervical cancer,FALSE,Mpumalanga,admin1,daly,DALYs (Disability-Adjusted Life Years),Rate,Female,0.00990034427945759,0.0154878372902434,0.00624845853822243,1
488,27,432,2,3,2,2023,neo_cervical,Age-standardized,Cervical cancer,FALSE,North-West,admin1,daly,DALYs (Disability-Adjusted Life Years),Rate,Female,0.00882170203291134,0.0124779049670738,0.00535418010378626,1
489,27,432,2,3,2,2023,neo_cervical,Age-standardized,Cervical cancer,FALSE,Northern Cape,admin1,daly,DALYs (Disability-Adjusted Life Years),Rate,Female,0.0104432506859065,0.0165858074188797,0.00622533423326303,1
490,27,432,2,3,2,2023,neo_cervical,Age-standardized,Cervical cancer,FALSE,Western Cape,admin1,daly,DALYs (Disability-Adjusted Life Years),Rate,Female,0.00598805020745415,0.0103386944456569,0.00408919500957606,1
522,27,432,2,3,2,2023,neo_cervical,Age-standardized,Cervical cancer,FALSE,Sudan,admin0,daly,DALYs (Disability-Adjusted Life Years),Rate,Female,0.0011093460142594,0.00203561048875467,0.000527067923159466,1
523,27,432,2,3,2,2023,neo_cervical,Age-standardized,Cervical cancer,FALSE,Alabama,admin1,daly,DALYs (Disability-Adjusted Life Years),Rate,Female,0.00144711257968424,0.00168003820812126,0.00123174067261581,1
524,27,432,2,3,2,2023,neo_cervical,Age-standardized,Cervical cancer,FALSE,Alaska,admin1,daly,DALYs (Disability-Adjusted Life Years),Rate,Female,0.000962761700698382,0.00113835007006889,0.000784846664915879,1
525,27,432,2,3,2,2023,neo_cervical,Age-standardized,Cervical cancer,FALSE,Arizona,admin1,daly,DALYs (Disability-Adjusted Life Years),Rate,Female,0.000960657238785407,0.00111769947111863,0.000822677627556526,1
526,27,432,2,3,2,2023,neo_cervical,Age-standardized,Cervical cancer,FALSE,Arkansas,admin1,daly,DALYs (Disability-Adjusted Life Years),Rate,Female,0.0014026890660972,0.00163058597823044,0.00119875668202669,1
527,27,432,2,3,2,2023,neo_cervical,Age-standardized,Cervical cancer,FALSE,California,admin1,daly,DALYs (Disability-Adjusted Life Years),Rate,Female,0.000845827560266403,0.000952243925073476,0.000726196862117323,1
528,27,432,2,3,2,2023,neo_cervical,Age-standardized,Cervical cancer,FALSE,Colorado,admin1,daly,DALYs (Disability-Adjusted Life Years),Rate,Female,0.000666454990821974,0.00077359728982278,0.000564291689315265,1
529,27,432,2,3,2,2023,neo_cervical,Age-standardized,Cervical cancer,FALSE,Connecticut,admin1,daly,DALYs (Disability-Adjusted Life Years),Rate,Female,0.000690762276724857,0.000795596512882412,0.000592488576668818,1
530,27,432,2,3,2,2023,neo_cervical,Age-standardized,Cervical cancer,FALSE,Delaware,admin1,daly,DALYs (Disability-Adjusted Life Years),Rate,Female,0.0010677086863236,0.00125792962407164,0.00086133189782623,1
531,27,432,2,3,2,2023,neo_cervical,Age-standardized,Cervical cancer,FALSE,District of Columbia,admin1,daly,DALYs (Disability-Adjusted Life Years),Rate,Female,0.0011102890437215,0.00130271361273301,0.000929209956234411,1
532,27,432,2,3,2,2023,neo_cervical,Age-standardized,Cervical cancer,FALSE,Florida,admin1,daly,DALYs (Disability-Adjusted Life Years),Rate,Female,0.00107787747244106,0.00121656769800483,0.000915278776995375,1
533,27,432,2,3,2,2023,neo_cervical,Age-standardized,Cervical cancer,FALSE,Georgia,admin1,daly,DALYs (Disability-Adjusted Life Years),Rate,Female,0.00106205100678869,0.00120818101145022,0.000917767628346767,1
534,27,432,2,3,2,2023,neo_cervical,Age-standardized,Cervical cancer,FALSE,Hawaii,admin1,daly,DALYs (Disability-Adjusted Life Years),Rate,Female,0.000818638592262093,0.000971071049272829,0.000684279871902868,1
535,27,432,2,3,2,2023,neo_cervical,Age-standardized,Cervical cancer,FALSE,Idaho,admin1,daly,DALYs (Disability-Adjusted Life Years),Rate,Female,0.000722007539724416,0.000849419792513554,0.000606784813762101,1
536,27,432,2,3,2,2023,neo_cervical,Age-standardized,Cervical cancer,FALSE,Illinois,admin1,daly,DALYs (Disability-Adjusted Life Years),Rate,Female,0.000906509880758955,0.00102866196602631,0.000771276719946344,1
537,27,432,2,3,2,2023,neo_cervical,Age-standardized,Cervical cancer,FALSE,Indiana,admin1,daly,DALYs (Disability-Adjusted Life Years),Rate,Female,0.0011074983510669,0.00126886245123158,0.000941055895315248,1
538,27,432,2,3,2,2023,neo_cervical,Age-standardized,Cervical cancer,FALSE,Iowa,admin1,daly,DALYs (Disability-Adjusted Life Years),Rate,Female,0.000827274350237034,0.000947013770800869,0.000700481986924464,1
539,27,432,2,3,2,2023,neo_cervical,Age-standardized,Cervical cancer,FALSE,Kansas,admin1,daly,DALYs (Disability-Adjusted Life Years),Rate,Female,0.00095460285456417,0.00110547662618124,0.000811981198853306,1
540,27,432,2,3,2,2023,neo_cervical,Age-standardized,Cervical cancer,FALSE,Kentucky,admin1,daly,DALYs (Disability-Adjusted Life Years),Rate,Female,0.00133819849478786,0.00155730672301255,0.00113613338607357,1
541,27,432,2,3,2,2023,neo_cervical,Age-standardized,Cervical cancer,FALSE,Louisiana,admin1,daly,DALYs (Disability-Adjusted Life Years),Rate,Female,0.00116184611485889,0.00135910577050737,0.000972430763066234,1
542,27,432,2,3,2,2023,neo_cervical,Age-standardized,Cervical cancer,FALSE,Maine,admin1,daly,DALYs (Disability-Adjusted Life Years),Rate,Female,0.000916755998000243,0.00109042299934235,0.000765456526448962,1
543,27,432,2,3,2,2023,neo_cervical,Age-standardized,Cervical cancer,FALSE,Maryland,admin1,daly,DALYs (Disability-Adjusted Life Years),Rate,Female,0.000870761060679671,0.00100997497293184,0.000749150907378648,1
544,27,432,2,3,2,2023,neo_cervical,Age-standardized,Cervical cancer,FALSE,Massachusetts,admin1,daly,DALYs (Disability-Adjusted Life Years),Rate,Female,0.000597253854996845,0.000678232666510315,0.000514442459269937,1
545,27,432,2,3,2,2023,neo_cervical,Age-standardized,Cervical cancer,FALSE,Michigan,admin1,daly,DALYs (Disability-Adjusted Life Years),Rate,Female,0.00087774282978855,0.000985371908169615,0.000751221240648854,1
546,27,432,2,3,2,2023,neo_cervical,Age-standardized,Cervical cancer,FALSE,Minnesota,admin1,daly,DALYs (Disability-Adjusted Life Years),Rate,Female,0.000688453893777405,0.000804569643571918,0.000590096228079714,1
547,27,432,2,3,2,2023,neo_cervical,Age-standardized,Cervical cancer,FALSE,Mississippi,admin1,daly,DALYs (Disability-Adjusted Life Years),Rate,Female,0.00160224679176236,0.00188326840907363,0.00136330055323741,1
548,27,432,2,3,2,2023,neo_cervical,Age-standardized,Cervical cancer,FALSE,Missouri,admin1,daly,DALYs (Disability-Adjusted Life Years),Rate,Female,0.00104336185752275,0.00121655547643886,0.000890467600391499,1
549,27,432,2,3,2,2023,neo_cervical,Age-standardized,Cervical cancer,FALSE,Montana,admin1,daly,DALYs (Disability-Adjusted Life Years),Rate,Female,0.000836263047417697,0.000989555870820262,0.0006891725413135,1
550,27,432,2,3,2,2023,neo_cervical,Age-standardized,Cervical cancer,FALSE,Nebraska,admin1,daly,DALYs (Disability-Adjusted Life Years),Rate,Female,0.000824444165747511,0.000975841154239284,0.000689735460803392,1
551,27,432,2,3,2,2023,neo_cervical,Age-standardized,Cervical cancer,FALSE,Nevada,admin1,daly,DALYs (Disability-Adjusted Life Years),Rate,Female,0.000983225633167402,0.00116106733268976,0.000821774448148181,1
552,27,432,2,3,2,2023,neo_cervical,Age-standardized,Cervical cancer,FALSE,New Hampshire,admin1,daly,DALYs (Disability-Adjusted Life Years),Rate,Female,0.000749050494377773,0.000876458821030555,0.000622419824275415,1
553,27,432,2,3,2,2023,neo_cervical,Age-standardized,Cervical cancer,FALSE,New Jersey,admin1,daly,DALYs (Disability-Adjusted Life Years),Rate,Female,0.000789479877316535,0.000893164952315563,0.000669861468481449,1
554,27,432,2,3,2,2023,neo_cervical,Age-standardized,Cervical cancer,FALSE,New Mexico,admin1,daly,DALYs (Disability-Adjusted Life Years),Rate,Female,0.00118613371057829,0.00142460376805824,0.000979571826189661,1
555,27,432,2,3,2,2023,neo_cervical,Age-standardized,Cervical cancer,FALSE,New York,admin1,daly,DALYs (Disability-Adjusted Life Years),Rate,Female,0.000788312613904439,0.000895459234682418,0.000664794687608274,1
556,27,432,2,3,2,2023,neo_cervical,Age-standardized,Cervical cancer,FALSE,North Carolina,admin1,daly,DALYs (Disability-Adjusted Life Years),Rate,Female,0.000954822598365675,0.00109794851117189,0.000815010028260414,1
557,27,432,2,3,2,2023,neo_cervical,Age-standardized,Cervical cancer,FALSE,North Dakota,admin1,daly,DALYs (Disability-Adjusted Life Years),Rate,Female,0.000924944991653014,0.00110199808443038,0.000766774247632967,1
558,27,432,2,3,2,2023,neo_cervical,Age-standardized,Cervical cancer,FALSE,Ohio,admin1,daly,DALYs (Disability-Adjusted Life Years),Rate,Female,0.000981217640149561,0.00111943103202788,0.000824275550243559,1
559,27,432,2,3,2,2023,neo_cervical,Age-standardized,Cervical cancer,FALSE,Oklahoma,admin1,daly,DALYs (Disability-Adjusted Life Years),Rate,Female,0.00121626463398198,0.00143278106736306,0.00101918416749285,1
560,27,432,2,3,2,2023,neo_cervical,Age-standardized,Cervical cancer,FALSE,Oregon,admin1,daly,DALYs (Disability-Adjusted Life Years),Rate,Female,0.00074671558012563,0.000853522605938021,0.000638458211567662,1
561,27,432,2,3,2,2023,neo_cervical,Age-standardized,Cervical cancer,FALSE,Pennsylvania,admin1,daly,DALYs (Disability-Adjusted Life Years),Rate,Female,0.00089085171714216,0.0010144207759849,0.000748281142311428,1
562,27,432,2,3,2,2023,neo_cervical,Age-standardized,Cervical cancer,FALSE,Rhode Island,admin1,daly,DALYs (Disability-Adjusted Life Years),Rate,Female,0.000672111587960226,0.000788051231221106,0.000555680567253784,1
563,27,432,2,3,2,2023,neo_cervical,Age-standardized,Cervical cancer,FALSE,South Carolina,admin1,daly,DALYs (Disability-Adjusted Life Years),Rate,Female,0.0011412017596575,0.00133713577103212,0.000962205336083274,1
564,27,432,2,3,2,2023,neo_cervical,Age-standardized,Cervical cancer,FALSE,South Dakota,admin1,daly,DALYs (Disability-Adjusted Life Years),Rate,Female,0.000893978400115518,0.00104479819265189,0.000740478678587769,1
565,27,432,2,3,2,2023,neo_cervical,Age-standardized,Cervical cancer,FALSE,Tennessee,admin1,daly,DALYs (Disability-Adjusted Life Years),Rate,Female,0.00110455244636545,0.00129857616289633,0.000938641596793176,1
566,27,432,2,3,2,2023,neo_cervical,Age-standardized,Cervical cancer,FALSE,Texas,admin1,daly,DALYs (Disability-Adjusted Life Years),Rate,Female,0.00118843991883695,0.00132541508273194,0.00102580062778549,1
567,27,432,2,3,2,2023,neo_cervical,Age-standardized,Cervical cancer,FALSE,Utah,admin1,daly,DALYs (Disability-Adjusted Life Years),Rate,Female,0.000669221657194464,0.000784822318369914,0.000562037704999071,1
568,27,432,2,3,2,2023,neo_cervical,Age-standardized,Cervical cancer,FALSE,Vermont,admin1,daly,DALYs (Disability-Adjusted Life Years),Rate,Female,0.000799275435178024,0.000950172234829075,0.00065708280183918,1
569,27,432,2,3,2,2023,neo_cervical,Age-standardized,Cervical cancer,FALSE,Virginia,admin1,daly,DALYs (Disability-Adjusted Life Years),Rate,Female,0.000848957754612147,0.000983157995612073,0.000718879101625369,1
570,27,432,2,3,2,2023,neo_cervical,Age-standardized,Cervical cancer,FALSE,Washington,admin1,daly,DALYs (Disability-Adjusted Life Years),Rate,Female,0.000752871689654401,0.000882670639062903,0.000630055254981245,1
571,27,432,2,3,2,2023,neo_cervical,Age-standardized,Cervical cancer,FALSE,West Virginia,admin1,daly,DALYs (Disability-Adjusted Life Years),Rate,Female,0.00147895710382599,0.00172953648768039,0.00124515945483243,1
572,27,432,2,3,2,2023,neo_cervical,Age-standardized,Cervical cancer,FALSE,Wisconsin,admin1,daly,DALYs (Disability-Adjusted Life Years),Rate,Female,0.000711710800163043,0.00082158684767959,0.000600306126271613,1
573,27,432,2,3,2,2023,neo_cervical,Age-standardized,Cervical cancer,FALSE,Wyoming,admin1,daly,DALYs (Disability-Adjusted Life Years),Rate,Female,0.000814105672991925,0.00095332606867236,0.000684843106458922,1
4618,27,432,2,3,2,2023,neo_cervical,Age-standardized,Cervical cancer,FALSE,North East England,admin1,daly,DALYs (Disability-Adjusted Life Years),Rate,Female,0.00113353076037133,0.00131615034865006,0.000970677226194497,1
4619,27,432,2,3,2,2023,neo_cervical,Age-standardized,Cervical cancer,FALSE,North West England,admin1,daly,DALYs (Disability-Adjusted Life Years),Rate,Female,0.000956413272834057,0.00111803753963627,0.000810335856258271,1
4620,27,432,2,3,2,2023,neo_cervical,Age-standardized,Cervical cancer,FALSE,Yorkshire and the Humber,admin1,daly,DALYs (Disability-Adjusted Life Years),Rate,Female,0.00101797246949397,0.00120426027775622,0.000866353536333933,1
4621,27,432,2,3,2,2023,neo_cervical,Age-standardized,Cervical cancer,FALSE,East Midlands,admin1,daly,DALYs (Disability-Adjusted Life Years),Rate,Female,0.000902147773331512,0.00107164712664382,0.000751222308733778,1
4622,27,432,2,3,2,2023,neo_cervical,Age-standardized,Cervical cancer,FALSE,West Midlands,admin1,daly,DALYs (Disability-Adjusted Life Years),Rate,Female,0.00100474963181165,0.00117110138446112,0.00084284539044002,1
4623,27,432,2,3,2,2023,neo_cervical,Age-standardized,Cervical cancer,FALSE,East of England,admin1,daly,DALYs (Disability-Adjusted Life Years),Rate,Female,0.000805078309076222,0.000945150926875048,0.000686620475908917,1
4624,27,432,2,3,2,2023,neo_cervical,Age-standardized,Cervical cancer,FALSE,Greater London,admin1,daly,DALYs (Disability-Adjusted Life Years),Rate,Female,0.000711169284418901,0.00085600485889776,0.000604222948315608,1
4625,27,432,2,3,2,2023,neo_cervical,Age-standardized,Cervical cancer,FALSE,South East England,admin1,daly,DALYs (Disability-Adjusted Life Years),Rate,Female,0.000779612866838602,0.000920839280089868,0.000657999218511873,1
4626,27,432,2,3,2,2023,neo_cervical,Age-standardized,Cervical cancer,FALSE,South West England,admin1,daly,DALYs (Disability-Adjusted Life Years),Rate,Female,0.000809678952613175,0.000957211502638008,0.000676974779557294,1
4636,27,432,2,3,2,2023,neo_cervical,Age-standardized,Cervical cancer,FALSE,Wales,admin1,daly,DALYs (Disability-Adjusted Life Years),Rate,Female,0.00104134685278143,0.00124413246882388,0.000877784651158119,1
4643,27,432,2,3,2,2023,neo_cervical,Age-standardized,Cervical cancer,FALSE,Aguascalientes,admin1,daly,DALYs (Disability-Adjusted Life Years),Rate,Female,0.00197820213809508,0.00234231231229533,0.00165085223982244,1
4644,27,432,2,3,2,2023,neo_cervical,Age-standardized,Cervical cancer,FALSE,Baja California,admin1,daly,DALYs (Disability-Adjusted Life Years),Rate,Female,0.00267747521127078,0.00309496181600981,0.00225591013096146,1
4645,27,432,2,3,2,2023,neo_cervical,Age-standardized,Cervical cancer,FALSE,Baja California Sur,admin1,daly,DALYs (Disability-Adjusted Life Years),Rate,Female,0.00203831068322496,0.00243080944344602,0.00165944351505173,1
4646,27,432,2,3,2,2023,neo_cervical,Age-standardized,Cervical cancer,FALSE,Campeche,admin1,daly,DALYs (Disability-Adjusted Life Years),Rate,Female,0.00299084382628551,0.00352404351323968,0.00248522890654779,1
4647,27,432,2,3,2,2023,neo_cervical,Age-standardized,Cervical cancer,FALSE,Coahuila,admin1,daly,DALYs (Disability-Adjusted Life Years),Rate,Female,0.00279335833469203,0.00320104436076102,0.00232945750186771,1
4648,27,432,2,3,2,2023,neo_cervical,Age-standardized,Cervical cancer,FALSE,Colima,admin1,daly,DALYs (Disability-Adjusted Life Years),Rate,Female,0.00313011110158067,0.0037451407346284,0.00255171659879829,1
4649,27,432,2,3,2,2023,neo_cervical,Age-standardized,Cervical cancer,FALSE,Chiapas,admin1,daly,DALYs (Disability-Adjusted Life Years),Rate,Female,0.00412484267109927,0.00468437986874554,0.00361060922770049,1
4650,27,432,2,3,2,2023,neo_cervical,Age-standardized,Cervical cancer,FALSE,Chihuahua,admin1,daly,DALYs (Disability-Adjusted Life Years),Rate,Female,0.00277957420039683,0.00321760862238066,0.00236137230198405,1
4651,27,432,2,3,2,2023,neo_cervical,Age-standardized,Cervical cancer,FALSE,Mexico City,admin1,daly,DALYs (Disability-Adjusted Life Years),Rate,Female,0.00171563110484704,0.00196659785996063,0.00148216589198659,1
4652,27,432,2,3,2,2023,neo_cervical,Age-standardized,Cervical cancer,FALSE,Durango,admin1,daly,DALYs (Disability-Adjusted Life Years),Rate,Female,0.00219417031731183,0.0025885084706628,0.00188523419235706,1
4653,27,432,2,3,2,2023,neo_cervical,Age-standardized,Cervical cancer,FALSE,Guanajuato,admin1,daly,DALYs (Disability-Adjusted Life Years),Rate,Female,0.00194746338139285,0.00222513612415111,0.00168945561913801,1
4654,27,432,2,3,2,2023,neo_cervical,Age-standardized,Cervical cancer,FALSE,Guerrero,admin1,daly,DALYs (Disability-Adjusted Life Years),Rate,Female,0.00244728276416042,0.00294890289563862,0.00197044999558551,1
4655,27,432,2,3,2,2023,neo_cervical,Age-standardized,Cervical cancer,FALSE,Hidalgo,admin1,daly,DALYs (Disability-Adjusted Life Years),Rate,Female,0.00174477428787928,0.00202858143730384,0.0014763919175679,1
4656,27,432,2,3,2,2023,neo_cervical,Age-standardized,Cervical cancer,FALSE,Jalisco,admin1,daly,DALYs (Disability-Adjusted Life Years),Rate,Female,0.00201245476816238,0.00234815349888663,0.00171358327052715,1
4657,27,432,2,3,2,2023,neo_cervical,Age-standardized,Cervical cancer,FALSE,México,admin1,daly,DALYs (Disability-Adjusted Life Years),Rate,Female,0.00185965569426106,0.00215033091088427,0.00161036694250372,1
4658,27,432,2,3,2,2023,neo_cervical,Age-standardized,Cervical cancer,FALSE,Michoacán de Ocampo,admin1,daly,DALYs (Disability-Adjusted Life Years),Rate,Female,0.00231150712626453,0.00264317002022422,0.00196334641490276,1
4659,27,432,2,3,2,2023,neo_cervical,Age-standardized,Cervical cancer,FALSE,Morelos,admin1,daly,DALYs (Disability-Adjusted Life Years),Rate,Female,0.00304727613221503,0.0035903916413203,0.00254127496404525,1
4660,27,432,2,3,2,2023,neo_cervical,Age-standardized,Cervical cancer,FALSE,Nayarit,admin1,daly,DALYs (Disability-Adjusted Life Years),Rate,Female,0.00275860339930915,0.00322216335580942,0.00230892603447471,1
4661,27,432,2,3,2,2023,neo_cervical,Age-standardized,Cervical cancer,FALSE,Nuevo León,admin1,daly,DALYs (Disability-Adjusted Life Years),Rate,Female,0.00223754983935005,0.00259155566204297,0.00188459535718869,1
4662,27,432,2,3,2,2023,neo_cervical,Age-standardized,Cervical cancer,FALSE,Oaxaca,admin1,daly,DALYs (Disability-Adjusted Life Years),Rate,Female,0.00251233593828163,0.0028727345923596,0.00212383382057307,1
4663,27,432,2,3,2,2023,neo_cervical,Age-standardized,Cervical cancer,FALSE,Puebla,admin1,daly,DALYs (Disability-Adjusted Life Years),Rate,Female,0.00216479710967083,0.00251686347559351,0.001807188069666,1
4664,27,432,2,3,2,2023,neo_cervical,Age-standardized,Cervical cancer,FALSE,Querétaro,admin1,daly,DALYs (Disability-Adjusted Life Years),Rate,Female,0.00171476590758062,0.00201560161224545,0.00144644349402229,1
4665,27,432,2,3,2,2023,neo_cervical,Age-standardized,Cervical cancer,FALSE,Quintana Roo,admin1,daly,DALYs (Disability-Adjusted Life Years),Rate,Female,0.00316195589511633,0.00371034213784406,0.00264137133204578,1
4666,27,432,2,3,2,2023,neo_cervical,Age-standardized,Cervical cancer,FALSE,San Luis Potosí,admin1,daly,DALYs (Disability-Adjusted Life Years),Rate,Female,0.00206142108969641,0.00237944216235756,0.00173753060112145,1
4667,27,432,2,3,2,2023,neo_cervical,Age-standardized,Cervical cancer,FALSE,Sinaloa,admin1,daly,DALYs (Disability-Adjusted Life Years),Rate,Female,0.00204514556021949,0.00234362434113338,0.00173897872441632,1
4668,27,432,2,3,2,2023,neo_cervical,Age-standardized,Cervical cancer,FALSE,Sonora,admin1,daly,DALYs (Disability-Adjusted Life Years),Rate,Female,0.00261210204807277,0.0029965055824071,0.00217527228465,1
4669,27,432,2,3,2,2023,neo_cervical,Age-standardized,Cervical cancer,FALSE,Tabasco,admin1,daly,DALYs (Disability-Adjusted Life Years),Rate,Female,0.00243682448700293,0.00279757032939434,0.00206665668756784,1
4670,27,432,2,3,2,2023,neo_cervical,Age-standardized,Cervical cancer,FALSE,Tamaulipas,admin1,daly,DALYs (Disability-Adjusted Life Years),Rate,Female,0.00246400345803149,0.00289689085790502,0.00211346856790226,1
4671,27,432,2,3,2,2023,neo_cervical,Age-standardized,Cervical cancer,FALSE,Tlaxcala,admin1,daly,DALYs (Disability-Adjusted Life Years),Rate,Female,0.00199403852730093,0.00243088355518112,0.00165267223766471,1
4672,27,432,2,3,2,2023,neo_cervical,Age-standardized,Cervical cancer,FALSE,Veracruz de Ignacio de la Llave,admin1,daly,DALYs (Disability-Adjusted Life Years),Rate,Female,0.00286319690127327,0.00329098640811674,0.00247573272010189,1
4673,27,432,2,3,2,2023,neo_cervical,Age-standardized,Cervical cancer,FALSE,Yucatán,admin1,daly,DALYs (Disability-Adjusted Life Years),Rate,Female,0.00281312739857058,0.00329007605260287,0.00240572138743518,1
4674,27,432,2,3,2,2023,neo_cervical,Age-standardized,Cervical cancer,FALSE,Zacatecas,admin1,daly,DALYs (Disability-Adjusted Life Years),Rate,Female,0.00189241354648502,0.00223562695169373,0.00162448287487933,1
4709,27,432,2,3,2,2023,neo_cervical,Age-standardized,Cervical cancer,FALSE,Aceh,admin1,daly,DALYs (Disability-Adjusted Life Years),Rate,Female,0.00243431316618097,0.00401412568997719,0.0014292947671144,1
4710,27,432,2,3,2,2023,neo_cervical,Age-standardized,Cervical cancer,FALSE,North Sumatra,admin1,daly,DALYs (Disability-Adjusted Life Years),Rate,Female,0.00219987793987112,0.00364498321159498,0.00130627267838023,1
4711,27,432,2,3,2,2023,neo_cervical,Age-standardized,Cervical cancer,FALSE,West Sumatra,admin1,daly,DALYs (Disability-Adjusted Life Years),Rate,Female,0.00323157325681415,0.00532468851508097,0.00187845230828292,1
4712,27,432,2,3,2,2023,neo_cervical,Age-standardized,Cervical cancer,FALSE,Riau,admin1,daly,DALYs (Disability-Adjusted Life Years),Rate,Female,0.00246999415272152,0.0040804815742296,0.00136873244272703,1
4713,27,432,2,3,2,2023,neo_cervical,Age-standardized,Cervical cancer,FALSE,Jambi,admin1,daly,DALYs (Disability-Adjusted Life Years),Rate,Female,0.00219216056546777,0.00359574529819897,0.00127025898591947,1
4714,27,432,2,3,2,2023,neo_cervical,Age-standardized,Cervical cancer,FALSE,South Sumatra,admin1,daly,DALYs (Disability-Adjusted Life Years),Rate,Female,0.00309614022193968,0.00500635807932241,0.00184855726540308,1
4715,27,432,2,3,2,2023,neo_cervical,Age-standardized,Cervical cancer,FALSE,Bengkulu,admin1,daly,DALYs (Disability-Adjusted Life Years),Rate,Female,0.00210175454640931,0.00343642722038694,0.00123772354992767,1
4716,27,432,2,3,2,2023,neo_cervical,Age-standardized,Cervical cancer,FALSE,Lampung,admin1,daly,DALYs (Disability-Adjusted Life Years),Rate,Female,0.00252288789756828,0.0040018950833332,0.00146547377351762,1
4717,27,432,2,3,2,2023,neo_cervical,Age-standardized,Cervical cancer,FALSE,Bangka-Belitung Islands,admin1,daly,DALYs (Disability-Adjusted Life Years),Rate,Female,0.00202930457533625,0.00349098645990216,0.00117527528599598,1
4718,27,432,2,3,2,2023,neo_cervical,Age-standardized,Cervical cancer,FALSE,Riau Islands,admin1,daly,DALYs (Disability-Adjusted Life Years),Rate,Female,0.00186539582700043,0.00325982593118973,0.00102235933856961,1
4719,27,432,2,3,2,2023,neo_cervical,Age-standardized,Cervical cancer,FALSE,North Kalimantan,admin1,daly,DALYs (Disability-Adjusted Life Years),Rate,Female,0.00399147581720733,0.00670470139200206,0.002252397938079,1
4720,27,432,2,3,2,2023,neo_cervical,Age-standardized,Cervical cancer,FALSE,Jakarta,admin1,daly,DALYs (Disability-Adjusted Life Years),Rate,Female,0.00198079972976985,0.00341927596468406,0.00110054318132637,1
4721,27,432,2,3,2,2023,neo_cervical,Age-standardized,Cervical cancer,FALSE,West Java,admin1,daly,DALYs (Disability-Adjusted Life Years),Rate,Female,0.00294630144622371,0.00478727011102861,0.00162181907624337,1
4722,27,432,2,3,2,2023,neo_cervical,Age-standardized,Cervical cancer,FALSE,Central Java,admin1,daly,DALYs (Disability-Adjusted Life Years),Rate,Female,0.00288599877347221,0.00482984330108564,0.00169679286540625,1
4723,27,432,2,3,2,2023,neo_cervical,Age-standardized,Cervical cancer,FALSE,Yogyakarta,admin1,daly,DALYs (Disability-Adjusted Life Years),Rate,Female,0.00170480361567166,0.0029420238809947,0.00098838695551023,1
4724,27,432,2,3,2,2023,neo_cervical,Age-standardized,Cervical cancer,FALSE,East Java,admin1,daly,DALYs (Disability-Adjusted Life Years),Rate,Female,0.00272985830800405,0.00430263065778062,0.00161504618010546,1
4725,27,432,2,3,2,2023,neo_cervical,Age-standardized,Cervical cancer,FALSE,Banten,admin1,daly,DALYs (Disability-Adjusted Life Years),Rate,Female,0.00291403303378851,0.00486629517452941,0.00169311089680022,1
4726,27,432,2,3,2,2023,neo_cervical,Age-standardized,Cervical cancer,FALSE,Bali,admin1,daly,DALYs (Disability-Adjusted Life Years),Rate,Female,0.00209011754260764,0.00339726430768035,0.00128720888059836,1
4727,27,432,2,3,2,2023,neo_cervical,Age-standardized,Cervical cancer,FALSE,West Nusa Tenggara,admin1,daly,DALYs (Disability-Adjusted Life Years),Rate,Female,0.00230636919579909,0.00387102364268615,0.00131148174593275,1
4728,27,432,2,3,2,2023,neo_cervical,Age-standardized,Cervical cancer,FALSE,East Nusa Tenggara,admin1,daly,DALYs (Disability-Adjusted Life Years),Rate,Female,0.003674021603631,0.00604815096391889,0.00209289876511598,1
4729,27,432,2,3,2,2023,neo_cervical,Age-standardized,Cervical cancer,FALSE,West Kalimantan,admin1,daly,DALYs (Disability-Adjusted Life Years),Rate,Female,0.0026174067196561,0.0044622241680215,0.0014464346123029,1
4730,27,432,2,3,2,2023,neo_cervical,Age-standardized,Cervical cancer,FALSE,Central Kalimantan,admin1,daly,DALYs (Disability-Adjusted Life Years),Rate,Female,0.00251481550257665,0.00412139933336994,0.00147515554277583,1
4731,27,432,2,3,2,2023,neo_cervical,Age-standardized,Cervical cancer,FALSE,South Kalimantan,admin1,daly,DALYs (Disability-Adjusted Life Years),Rate,Female,0.00346974134676429,0.00554908573952494,0.0019964217804378,1
4732,27,432,2,3,2,2023,neo_cervical,Age-standardized,Cervical cancer,FALSE,East Kalimantan,admin1,daly,DALYs (Disability-Adjusted Life Years),Rate,Female,0.00204079846669408,0.00343465481381745,0.00106353806184632,1
4733,27,432,2,3,2,2023,neo_cervical,Age-standardized,Cervical cancer,FALSE,North Sulawesi,admin1,daly,DALYs (Disability-Adjusted Life Years),Rate,Female,0.00188149470694936,0.00311748241527559,0.00111006439488286,1
4734,27,432,2,3,2,2023,neo_cervical,Age-standardized,Cervical cancer,FALSE,Central Sulawesi,admin1,daly,DALYs (Disability-Adjusted Life Years),Rate,Female,0.00210804080673628,0.00350485002319509,0.00124624809410163,1
4735,27,432,2,3,2,2023,neo_cervical,Age-standardized,Cervical cancer,FALSE,South Sulawesi,admin1,daly,DALYs (Disability-Adjusted Life Years),Rate,Female,0.00239569317609455,0.00397049846572789,0.00141804116714406,1
4736,27,432,2,3,2,2023,neo_cervical,Age-standardized,Cervical cancer,FALSE,Southeast Sulawesi,admin1,daly,DALYs (Disability-Adjusted Life Years),Rate,Female,0.00259854527289776,0.0043293664828977,0.00142512603362456,1
4737,27,432,2,3,2,2023,neo_cervical,Age-standardized,Cervical cancer,FALSE,Gorontalo,admin1,daly,DALYs (Disability-Adjusted Life Years),Rate,Female,0.00233184374451505,0.00388573626522487,0.00138559362165348,1
4738,27,432,2,3,2,2023,neo_cervical,Age-standardized,Cervical cancer,FALSE,West Sulawesi,admin1,daly,DALYs (Disability-Adjusted Life Years),Rate,Female,0.00214531392323225,0.00359105433760253,0.00124307196781836,1
4739,27,432,2,3,2,2023,neo_cervical,Age-standardized,Cervical cancer,FALSE,Maluku,admin1,daly,DALYs (Disability-Adjusted Life Years),Rate,Female,0.00220408197549019,0.00360669103374768,0.0012369877437188,1
4740,27,432,2,3,2,2023,neo_cervical,Age-standardized,Cervical cancer,FALSE,North Maluku,admin1,daly,DALYs (Disability-Adjusted Life Years),Rate,Female,0.00194650299488131,0.00307709218469289,0.00118996557996844,1
4741,27,432,2,3,2,2023,neo_cervical,Age-standardized,Cervical cancer,FALSE,West Papua,admin1,daly,DALYs (Disability-Adjusted Life Years),Rate,Female,0.00201034969307602,0.0032362442889009,0.00113030132407442,1
4742,27,432,2,3,2,2023,neo_cervical,Age-standardized,Cervical cancer,FALSE,Papua,admin1,daly,DALYs (Disability-Adjusted Life Years),Rate,Female,0.00289342426915654,0.00471454747813218,0.00154694359475109,1
4749,27,432,2,3,2,2023,neo_cervical,Age-standardized,Cervical cancer,FALSE,England,admin1,daly,DALYs (Disability-Adjusted Life Years),Rate,Female,0.0008652541609447,0.000972953556937584,0.000762515776325177,0
4750,27,432,2,3,2,2023,neo_cervical,Age-standardized,Cervical cancer,FALSE,Acre,admin1,daly,DALYs (Disability-Adjusted Life Years),Rate,Female,0.0048160331677149,0.00585181051103814,0.00397685288289,1
4751,27,432,2,3,2,2023,neo_cervical,Age-standardized,Cervical cancer,FALSE,Alagoas,admin1,daly,DALYs (Disability-Adjusted Life Years),Rate,Female,0.00366036047217663,0.00441969482567722,0.00306606749671244,1
4752,27,432,2,3,2,2023,neo_cervical,Age-standardized,Cervical cancer,FALSE,Amazonas,admin1,daly,DALYs (Disability-Adjusted Life Years),Rate,Female,0.00621134867958526,0.00709933440187013,0.0054112174401259,1
4753,27,432,2,3,2,2023,neo_cervical,Age-standardized,Cervical cancer,FALSE,Amapá,admin1,daly,DALYs (Disability-Adjusted Life Years),Rate,Female,0.0058855883037158,0.00684219008426134,0.0048908153716016,1
4754,27,432,2,3,2,2023,neo_cervical,Age-standardized,Cervical cancer,FALSE,Bahia,admin1,daly,DALYs (Disability-Adjusted Life Years),Rate,Female,0.00288322108573624,0.00341938610608677,0.00245950991262543,1
4755,27,432,2,3,2,2023,neo_cervical,Age-standardized,Cervical cancer,FALSE,Ceará,admin1,daly,DALYs (Disability-Adjusted Life Years),Rate,Female,0.00283086556194651,0.00330962663696425,0.00238424882678918,1
4756,27,432,2,3,2,2023,neo_cervical,Age-standardized,Cervical cancer,FALSE,Distrito Federal,admin1,daly,DALYs (Disability-Adjusted Life Years),Rate,Female,0.00213025657264539,0.00250908692193277,0.001833709857692,1
4757,27,432,2,3,2,2023,neo_cervical,Age-standardized,Cervical cancer,FALSE,Espírito Santo,admin1,daly,DALYs (Disability-Adjusted Life Years),Rate,Female,0.00255040534724428,0.002955013438277,0.00216951365239819,1
4758,27,432,2,3,2,2023,neo_cervical,Age-standardized,Cervical cancer,FALSE,Goiás,admin1,daly,DALYs (Disability-Adjusted Life Years),Rate,Female,0.00252860234158912,0.00288852873278182,0.00219783857406688,1
4759,27,432,2,3,2,2023,neo_cervical,Age-standardized,Cervical cancer,FALSE,Maranhão,admin1,daly,DALYs (Disability-Adjusted Life Years),Rate,Female,0.00474741187714312,0.00558530516792451,0.00399982193305095,1
4760,27,432,2,3,2,2023,neo_cervical,Age-standardized,Cervical cancer,FALSE,Minas Gerais,admin1,daly,DALYs (Disability-Adjusted Life Years),Rate,Female,0.00205461575845334,0.00234157109925347,0.00177708344025168,1
4761,27,432,2,3,2,2023,neo_cervical,Age-standardized,Cervical cancer,FALSE,Mato Grosso do Sul,admin1,daly,DALYs (Disability-Adjusted Life Years),Rate,Female,0.00298487582266964,0.0034463123611622,0.00253378016149071,1
4762,27,432,2,3,2,2023,neo_cervical,Age-standardized,Cervical cancer,FALSE,Mato Grosso,admin1,daly,DALYs (Disability-Adjusted Life Years),Rate,Female,0.00285155241171342,0.00345290307145687,0.00236095053680234,1
4763,27,432,2,3,2,2023,neo_cervical,Age-standardized,Cervical cancer,FALSE,Pará,admin1,daly,DALYs (Disability-Adjusted Life Years),Rate,Female,0.0042918922757883,0.00493276107849662,0.00370597947796661,1
4764,27,432,2,3,2,2023,neo_cervical,Age-standardized,Cervical cancer,FALSE,Paraíba,admin1,daly,DALYs (Disability-Adjusted Life Years),Rate,Female,0.00284756915385279,0.00338938016317027,0.00239898521278686,1
4765,27,432,2,3,2,2023,neo_cervical,Age-standardized,Cervical cancer,FALSE,Paraná,admin1,daly,DALYs (Disability-Adjusted Life Years),Rate,Female,0.00239276527802648,0.00275303360391124,0.00208788272341382,1
4766,27,432,2,3,2,2023,neo_cervical,Age-standardized,Cervical cancer,FALSE,Pernambuco,admin1,daly,DALYs (Disability-Adjusted Life Years),Rate,Female,0.00307021970719968,0.00365129415392545,0.00258336760284682,1
4767,27,432,2,3,2,2023,neo_cervical,Age-standardized,Cervical cancer,FALSE,Piaui,admin1,daly,DALYs (Disability-Adjusted Life Years),Rate,Female,0.00339569353853865,0.00411551194488319,0.00280351167944338,1
4768,27,432,2,3,2,2023,neo_cervical,Age-standardized,Cervical cancer,FALSE,Rio de Janeiro,admin1,daly,DALYs (Disability-Adjusted Life Years),Rate,Female,0.00313930678323052,0.00359924758783739,0.00275965822704148,1
4769,27,432,2,3,2,2023,neo_cervical,Age-standardized,Cervical cancer,FALSE,Rio Grande do Norte,admin1,daly,DALYs (Disability-Adjusted Life Years),Rate,Female,0.0028134786988854,0.00348164291229959,0.00236068125946986,1
4770,27,432,2,3,2,2023,neo_cervical,Age-standardized,Cervical cancer,FALSE,Rondônia,admin1,daly,DALYs (Disability-Adjusted Life Years),Rate,Female,0.00340315156176432,0.00410928995148425,0.00286818914270952,1
4771,27,432,2,3,2,2023,neo_cervical,Age-standardized,Cervical cancer,FALSE,Roraima,admin1,daly,DALYs (Disability-Adjusted Life Years),Rate,Female,0.005010368239074,0.0059546276854374,0.0040520795727805,1
4772,27,432,2,3,2,2023,neo_cervical,Age-standardized,Cervical cancer,FALSE,Rio Grande do Sul,admin1,daly,DALYs (Disability-Adjusted Life Years),Rate,Female,0.00268195657957481,0.0030798098321428,0.00234252885532253,1
4773,27,432,2,3,2,2023,neo_cervical,Age-standardized,Cervical cancer,FALSE,Santa Catarina,admin1,daly,DALYs (Disability-Adjusted Life Years),Rate,Female,0.00230486393388338,0.00262554152199083,0.00198660486058845,1
4774,27,432,2,3,2,2023,neo_cervical,Age-standardized,Cervical cancer,FALSE,Sergipe,admin1,daly,DALYs (Disability-Adjusted Life Years),Rate,Female,0.00302622239855063,0.00360919036509956,0.00257590127164943,1
4775,27,432,2,3,2,2023,neo_cervical,Age-standardized,Cervical cancer,FALSE,São Paulo,admin1,daly,DALYs (Disability-Adjusted Life Years),Rate,Female,0.00197449410884393,0.00220460512466317,0.00173600945896377,1
4776,27,432,2,3,2,2023,neo_cervical,Age-standardized,Cervical cancer,FALSE,Tocantins,admin1,daly,DALYs (Disability-Adjusted Life Years),Rate,Female,0.00344977438838517,0.00414607943518261,0.0028817620399585,1
4841,27,432,2,3,2,2023,neo_cervical,Age-standardized,Cervical cancer,FALSE,Andhra Pradesh,admin1,daly,DALYs (Disability-Adjusted Life Years),Rate,Female,0.00514266110721338,0.00805619362348465,0.00323678415915806,0
4842,27,432,2,3,2,2023,neo_cervical,Age-standardized,Cervical cancer,FALSE,Arunachal Pradesh,admin1,daly,DALYs (Disability-Adjusted Life Years),Rate,Female,0.00322509792709728,0.00487030861288314,0.0020504789733497,0
4843,27,432,2,3,2,2023,neo_cervical,Age-standardized,Cervical cancer,FALSE,Assam,admin1,daly,DALYs (Disability-Adjusted Life Years),Rate,Female,0.0037714388253899,0.00648614084030293,0.00216983341258657,0
4844,27,432,2,3,2,2023,neo_cervical,Age-standardized,Cervical cancer,FALSE,Bihar,admin1,daly,DALYs (Disability-Adjusted Life Years),Rate,Female,0.0046784716162089,0.00715090203521215,0.00284745027383977,0
4846,27,432,2,3,2,2023,neo_cervical,Age-standardized,Cervical cancer,FALSE,Chhattisgarh,admin1,daly,DALYs (Disability-Adjusted Life Years),Rate,Female,0.00424620050839175,0.00663522759038999,0.00272428120925511,0
4849,27,432,2,3,2,2023,neo_cervical,Age-standardized,Cervical cancer,FALSE,Delhi,admin1,daly,DALYs (Disability-Adjusted Life Years),Rate,Female,0.0023134559542869,0.00331647443590787,0.00153261780444583,0
4850,27,432,2,3,2,2023,neo_cervical,Age-standardized,Cervical cancer,FALSE,Goa,admin1,daly,DALYs (Disability-Adjusted Life Years),Rate,Female,0.00227045478577487,0.00389495163827857,0.00125547762335158,0
4851,27,432,2,3,2,2023,neo_cervical,Age-standardized,Cervical cancer,FALSE,Gujarat,admin1,daly,DALYs (Disability-Adjusted Life Years),Rate,Female,0.00215035962667234,0.00434168370010666,0.00105115093862902,0
4852,27,432,2,3,2,2023,neo_cervical,Age-standardized,Cervical cancer,FALSE,Haryana,admin1,daly,DALYs (Disability-Adjusted Life Years),Rate,Female,0.00280316477421199,0.00434760734894244,0.0017563442208506,0
4853,27,432,2,3,2,2023,neo_cervical,Age-standardized,Cervical cancer,FALSE,Himachal Pradesh,admin1,daly,DALYs (Disability-Adjusted Life Years),Rate,Female,0.00229095465861632,0.00367342963062166,0.00143880645284012,0
4854,27,432,2,3,2,2023,neo_cervical,Age-standardized,Cervical cancer,FALSE,Jammu & Kashmir and Ladakh,admin1,daly,DALYs (Disability-Adjusted Life Years),Rate,Female,0.00328531765553149,0.00528747827754687,0.00200373695945859,0
4855,27,432,2,3,2,2023,neo_cervical,Age-standardized,Cervical cancer,FALSE,Jharkhand,admin1,daly,DALYs (Disability-Adjusted Life Years),Rate,Female,0.00465787287061044,0.00714486804519702,0.00302921675125934,0
4856,27,432,2,3,2,2023,neo_cervical,Age-standardized,Cervical cancer,FALSE,Karnataka,admin1,daly,DALYs (Disability-Adjusted Life Years),Rate,Female,0.00289411078882324,0.00452661963974826,0.0020108287577978,0
4857,27,432,2,3,2,2023,neo_cervical,Age-standardized,Cervical cancer,FALSE,Kerala,admin1,daly,DALYs (Disability-Adjusted Life Years),Rate,Female,0.00194511731182683,0.00338596483415549,0.00113259743077488,0
4859,27,432,2,3,2,2023,neo_cervical,Age-standardized,Cervical cancer,FALSE,Madhya Pradesh,admin1,daly,DALYs (Disability-Adjusted Life Years),Rate,Female,0.00367057103705294,0.00541713710945683,0.0022935183081856,0
4860,27,432,2,3,2,2023,neo_cervical,Age-standardized,Cervical cancer,FALSE,Maharashtra,admin1,daly,DALYs (Disability-Adjusted Life Years),Rate,Female,0.00149597399396417,0.00262791970873308,0.000831078666622,0
4861,27,432,2,3,2,2023,neo_cervical,Age-standardized,Cervical cancer,FALSE,Manipur,admin1,daly,DALYs (Disability-Adjusted Life Years),Rate,Female,0.00237177880221899,0.004366798237404,0.00123012381235542,0
4862,27,432,2,3,2,2023,neo_cervical,Age-standardized,Cervical cancer,FALSE,Meghalaya,admin1,daly,DALYs (Disability-Adjusted Life Years),Rate,Female,0.00305992522137405,0.00513905410866591,0.00177852858714308,0
4863,27,432,2,3,2,2023,neo_cervical,Age-standardized,Cervical cancer,FALSE,Mizoram,admin1,daly,DALYs (Disability-Adjusted Life Years),Rate,Female,0.00314217875158446,0.00535612781110385,0.00169762731020583,0
4864,27,432,2,3,2,2023,neo_cervical,Age-standardized,Cervical cancer,FALSE,Nagaland,admin1,daly,DALYs (Disability-Adjusted Life Years),Rate,Female,0.0035057941488559,0.00570530897298857,0.00203885027893502,0
4865,27,432,2,3,2,2023,neo_cervical,Age-standardized,Cervical cancer,FALSE,Odisha,admin1,daly,DALYs (Disability-Adjusted Life Years),Rate,Female,0.00368130170722296,0.00576145966445614,0.00229823498925109,0
4867,27,432,2,3,2,2023,neo_cervical,Age-standardized,Cervical cancer,FALSE,Punjab,admin1,daly,DALYs (Disability-Adjusted Life Years),Rate,Female,0.00233958664427724,0.00487173526215548,0.00112446584777864,0
4868,27,432,2,3,2,2023,neo_cervical,Age-standardized,Cervical cancer,FALSE,Rajasthan,admin1,daly,DALYs (Disability-Adjusted Life Years),Rate,Female,0.00338272500649667,0.00518932274941455,0.00210715694055699,0
4869,27,432,2,3,2,2023,neo_cervical,Age-standardized,Cervical cancer,FALSE,Sikkim,admin1,daly,DALYs (Disability-Adjusted Life Years),Rate,Female,0.00205479034267369,0.00322098086769747,0.00124356028357158,0
4870,27,432,2,3,2,2023,neo_cervical,Age-standardized,Cervical cancer,FALSE,Tamil Nadu,admin1,daly,DALYs (Disability-Adjusted Life Years),Rate,Female,0.00383884187911778,0.00610664606566998,0.00197813447472389,0
4871,27,432,2,3,2,2023,neo_cervical,Age-standardized,Cervical cancer,FALSE,Telangana,admin1,daly,DALYs (Disability-Adjusted Life Years),Rate,Female,0.00615929565905898,0.0102764529085413,0.00372245917063917,0
4872,27,432,2,3,2,2023,neo_cervical,Age-standardized,Cervical cancer,FALSE,Tripura,admin1,daly,DALYs (Disability-Adjusted Life Years),Rate,Female,0.0034183556666614,0.00566698211455894,0.00199954272102542,0
4873,27,432,2,3,2,2023,neo_cervical,Age-standardized,Cervical cancer,FALSE,Uttar Pradesh,admin1,daly,DALYs (Disability-Adjusted Life Years),Rate,Female,0.00360221327377,0.0057349329951631,0.00219463600426377,0
4874,27,432,2,3,2,2023,neo_cervical,Age-standardized,Cervical cancer,FALSE,Uttarakhand,admin1,daly,DALYs (Disability-Adjusted Life Years),Rate,Female,0.0037361650203168,0.00622407177035338,0.00221071110484216,0
4875,27,432,2,3,2,2023,neo_cervical,Age-standardized,Cervical cancer,FALSE,West Bengal,admin1,daly,DALYs (Disability-Adjusted Life Years),Rate,Female,0.00268104540521864,0.00407475607604348,0.00162507883843576,0
4910,27,432,2,3,2,2023,neo_cervical,Age-standardized,Cervical cancer,FALSE,Oslo,admin1,daly,DALYs (Disability-Adjusted Life Years),Rate,Female,0.000784242138275414,0.000910790671996316,0.000652851679022182,1
4920,27,432,2,3,2,2023,neo_cervical,Age-standardized,Cervical cancer,FALSE,Rogaland,admin1,daly,DALYs (Disability-Adjusted Life Years),Rate,Female,0.000742739102980674,0.000868719595086007,0.000616215822846437,1
4923,27,432,2,3,2,2023,neo_cervical,Age-standardized,Cervical cancer,FALSE,Møre og Romsdal,admin1,daly,DALYs (Disability-Adjusted Life Years),Rate,Female,0.000627937109325082,0.000736984532426886,0.000523034370777629,1
4926,27,432,2,3,2,2023,neo_cervical,Age-standardized,Cervical cancer,FALSE,Nordland,admin1,daly,DALYs (Disability-Adjusted Life Years),Rate,Female,0.000914152475209234,0.00105115083812051,0.000765143215787938,1
25318,27,432,2,3,2,2023,neo_cervical,Age-standardized,Cervical cancer,FALSE,Abia,admin1,daly,DALYs (Disability-Adjusted Life Years),Rate,Female,0.00623592009114271,0.0101396479848459,0.00357068538631839,1
25319,27,432,2,3,2,2023,neo_cervical,Age-standardized,Cervical cancer,FALSE,Adamawa,admin1,daly,DALYs (Disability-Adjusted Life Years),Rate,Female,0.00681372874406521,0.00990240735262577,0.00446121441211526,1
25320,27,432,2,3,2,2023,neo_cervical,Age-standardized,Cervical cancer,FALSE,Akwa Ibom,admin1,daly,DALYs (Disability-Adjusted Life Years),Rate,Female,0.00756937587974477,0.0117837691258805,0.00450246142055908,1
25321,27,432,2,3,2,2023,neo_cervical,Age-standardized,Cervical cancer,FALSE,Anambra,admin1,daly,DALYs (Disability-Adjusted Life Years),Rate,Female,0.00571767797419319,0.00968407584754699,0.00312168100401964,1
25322,27,432,2,3,2,2023,neo_cervical,Age-standardized,Cervical cancer,FALSE,Bauchi,admin1,daly,DALYs (Disability-Adjusted Life Years),Rate,Female,0.00543910111767843,0.00976129511676677,0.00270834203328289,1
25323,27,432,2,3,2,2023,neo_cervical,Age-standardized,Cervical cancer,FALSE,Bayelsa,admin1,daly,DALYs (Disability-Adjusted Life Years),Rate,Female,0.00588729275685031,0.00924898245519569,0.0037580646198966,1
25324,27,432,2,3,2,2023,neo_cervical,Age-standardized,Cervical cancer,FALSE,Benue,admin1,daly,DALYs (Disability-Adjusted Life Years),Rate,Female,0.00701308048509067,0.0115745698800322,0.00401628598402988,1
25325,27,432,2,3,2,2023,neo_cervical,Age-standardized,Cervical cancer,FALSE,Borno,admin1,daly,DALYs (Disability-Adjusted Life Years),Rate,Female,0.00490504430315868,0.00772178470127514,0.00301132834784342,1
25326,27,432,2,3,2,2023,neo_cervical,Age-standardized,Cervical cancer,FALSE,Cross River,admin1,daly,DALYs (Disability-Adjusted Life Years),Rate,Female,0.0124329032838748,0.0201942040771755,0.00746983870825596,1
25327,27,432,2,3,2,2023,neo_cervical,Age-standardized,Cervical cancer,FALSE,Delta,admin1,daly,DALYs (Disability-Adjusted Life Years),Rate,Female,0.00532611674492373,0.0084617636520658,0.003296428937431,1
25328,27,432,2,3,2,2023,neo_cervical,Age-standardized,Cervical cancer,FALSE,Ebonyi,admin1,daly,DALYs (Disability-Adjusted Life Years),Rate,Female,0.00704428304057164,0.0111161222073322,0.00427019587841065,1
25329,27,432,2,3,2,2023,neo_cervical,Age-standardized,Cervical cancer,FALSE,Edo,admin1,daly,DALYs (Disability-Adjusted Life Years),Rate,Female,0.00653404297597024,0.0104786818780287,0.00368897295047003,1
25330,27,432,2,3,2,2023,neo_cervical,Age-standardized,Cervical cancer,FALSE,Ekiti,admin1,daly,DALYs (Disability-Adjusted Life Years),Rate,Female,0.00633479470020174,0.0102078673120312,0.00372797790493321,1
25331,27,432,2,3,2,2023,neo_cervical,Age-standardized,Cervical cancer,FALSE,Enugu,admin1,daly,DALYs (Disability-Adjusted Life Years),Rate,Female,0.00490769260760035,0.00852244410128577,0.00263384051554746,1
25332,27,432,2,3,2,2023,neo_cervical,Age-standardized,Cervical cancer,FALSE,FCT (Abuja),admin1,daly,DALYs (Disability-Adjusted Life Years),Rate,Female,0.006549963586433,0.0115682123113922,0.00340253036747043,1
25333,27,432,2,3,2,2023,neo_cervical,Age-standardized,Cervical cancer,FALSE,Gombe,admin1,daly,DALYs (Disability-Adjusted Life Years),Rate,Female,0.00755307011397364,0.0118038053763037,0.00469061607869061,1
25334,27,432,2,3,2,2023,neo_cervical,Age-standardized,Cervical cancer,FALSE,Imo,admin1,daly,DALYs (Disability-Adjusted Life Years),Rate,Female,0.0057934762560437,0.00979105549696354,0.00320379371778701,1
25335,27,432,2,3,2,2023,neo_cervical,Age-standardized,Cervical cancer,FALSE,Jigawa,admin1,daly,DALYs (Disability-Adjusted Life Years),Rate,Female,0.00672891189813992,0.0126171837234276,0.00310044997543723,1
25336,27,432,2,3,2,2023,neo_cervical,Age-standardized,Cervical cancer,FALSE,Kaduna,admin1,daly,DALYs (Disability-Adjusted Life Years),Rate,Female,0.00789536995432633,0.0124081144617768,0.00482888842861998,1
25337,27,432,2,3,2,2023,neo_cervical,Age-standardized,Cervical cancer,FALSE,Kano,admin1,daly,DALYs (Disability-Adjusted Life Years),Rate,Female,0.00496335354800137,0.00784036700175092,0.00300217290573872,1
25338,27,432,2,3,2,2023,neo_cervical,Age-standardized,Cervical cancer,FALSE,Katsina,admin1,daly,DALYs (Disability-Adjusted Life Years),Rate,Female,0.0042715208249422,0.00828560666510874,0.00219873873358921,1
25339,27,432,2,3,2,2023,neo_cervical,Age-standardized,Cervical cancer,FALSE,Kebbi,admin1,daly,DALYs (Disability-Adjusted Life Years),Rate,Female,0.00573659114881379,0.0100969905895672,0.00294457672114467,1
25340,27,432,2,3,2,2023,neo_cervical,Age-standardized,Cervical cancer,FALSE,Kogi,admin1,daly,DALYs (Disability-Adjusted Life Years),Rate,Female,0.00953730367649386,0.0151144402510403,0.00568545935452574,1
25341,27,432,2,3,2,2023,neo_cervical,Age-standardized,Cervical cancer,FALSE,Kwara,admin1,daly,DALYs (Disability-Adjusted Life Years),Rate,Female,0.00653727950797797,0.0100017286598233,0.00412122442626706,1
25342,27,432,2,3,2,2023,neo_cervical,Age-standardized,Cervical cancer,FALSE,Lagos,admin1,daly,DALYs (Disability-Adjusted Life Years),Rate,Female,0.00692985825360773,0.0123106864674349,0.00372807048689114,1
25343,27,432,2,3,2,2023,neo_cervical,Age-standardized,Cervical cancer,FALSE,Nasarawa,admin1,daly,DALYs (Disability-Adjusted Life Years),Rate,Female,0.00725792008790647,0.0109636037412759,0.00472037576602006,1
25344,27,432,2,3,2,2023,neo_cervical,Age-standardized,Cervical cancer,FALSE,Niger,admin1,daly,DALYs (Disability-Adjusted Life Years),Rate,Female,0.00506500668217379,0.00780813808946092,0.00311345695680792,1
25345,27,432,2,3,2,2023,neo_cervical,Age-standardized,Cervical cancer,FALSE,Ogun,admin1,daly,DALYs (Disability-Adjusted Life Years),Rate,Female,0.00323851807850129,0.00526336482570983,0.00189522453081103,1
25346,27,432,2,3,2,2023,neo_cervical,Age-standardized,Cervical cancer,FALSE,Ondo,admin1,daly,DALYs (Disability-Adjusted Life Years),Rate,Female,0.00495361576468912,0.00830946433514585,0.00286345827761415,1
25347,27,432,2,3,2,2023,neo_cervical,Age-standardized,Cervical cancer,FALSE,Osun,admin1,daly,DALYs (Disability-Adjusted Life Years),Rate,Female,0.00421546387761094,0.0072959913503369,0.00224655249155708,1
25348,27,432,2,3,2,2023,neo_cervical,Age-standardized,Cervical cancer,FALSE,Oyo,admin1,daly,DALYs (Disability-Adjusted Life Years),Rate,Female,0.00799670199676433,0.01355335200465,0.00441963038484624,1
25349,27,432,2,3,2,2023,neo_cervical,Age-standardized,Cervical cancer,FALSE,Plateau,admin1,daly,DALYs (Disability-Adjusted Life Years),Rate,Female,0.00489920559738174,0.00758220456581612,0.00301979011056414,1
25350,27,432,2,3,2,2023,neo_cervical,Age-standardized,Cervical cancer,FALSE,Rivers,admin1,daly,DALYs (Disability-Adjusted Life Years),Rate,Female,0.00849921053349258,0.0139674329004246,0.00498480576957866,1
25351,27,432,2,3,2,2023,neo_cervical,Age-standardized,Cervical cancer,FALSE,Sokoto,admin1,daly,DALYs (Disability-Adjusted Life Years),Rate,Female,0.00495238450656496,0.00839970371907755,0.00257020411660071,1
25352,27,432,2,3,2,2023,neo_cervical,Age-standardized,Cervical cancer,FALSE,Taraba,admin1,daly,DALYs (Disability-Adjusted Life Years),Rate,Female,0.00915620067700279,0.0135210245103219,0.00595210989762354,1
25353,27,432,2,3,2,2023,neo_cervical,Age-standardized,Cervical cancer,FALSE,Yobe,admin1,daly,DALYs (Disability-Adjusted Life Years),Rate,Female,0.0050829262167173,0.00821692567319084,0.00281432354722107,1
25354,27,432,2,3,2,2023,neo_cervical,Age-standardized,Cervical cancer,FALSE,Zamfara,admin1,daly,DALYs (Disability-Adjusted Life Years),Rate,Female,0.00505413914897381,0.00805683493784489,0.0027047941603744,1
35424,27,432,2,3,2,2023,neo_cervical,Age-standardized,Cervical cancer,FALSE,Hokkaidō,admin2,daly,DALYs (Disability-Adjusted Life Years),Rate,Female,0.0012213334055986,0.00144505387941374,0.00102286004768201,1
35425,27,432,2,3,2,2023,neo_cervical,Age-standardized,Cervical cancer,FALSE,Aomori,admin2,daly,DALYs (Disability-Adjusted Life Years),Rate,Female,0.00121946563870089,0.00146587657528473,0.00100735670434763,1
35426,27,432,2,3,2,2023,neo_cervical,Age-standardized,Cervical cancer,FALSE,Iwate,admin2,daly,DALYs (Disability-Adjusted Life Years),Rate,Female,0.000878291967667712,0.00104654765425843,0.000695370565860764,1
35427,27,432,2,3,2,2023,neo_cervical,Age-standardized,Cervical cancer,FALSE,Miyagi,admin2,daly,DALYs (Disability-Adjusted Life Years),Rate,Female,0.00092971376911411,0.0011130369102375,0.000766680645959733,1
35428,27,432,2,3,2,2023,neo_cervical,Age-standardized,Cervical cancer,FALSE,Akita,admin2,daly,DALYs (Disability-Adjusted Life Years),Rate,Female,0.000856689985242417,0.00100971854040823,0.00069752305141492,1
35429,27,432,2,3,2,2023,neo_cervical,Age-standardized,Cervical cancer,FALSE,Yamagata,admin2,daly,DALYs (Disability-Adjusted Life Years),Rate,Female,0.000749377690585493,0.000902106047792033,0.000609732542220688,1
35430,27,432,2,3,2,2023,neo_cervical,Age-standardized,Cervical cancer,FALSE,Fukushima,admin2,daly,DALYs (Disability-Adjusted Life Years),Rate,Female,0.0011237696899328,0.00133756743541887,0.000956498095505163,1
35431,27,432,2,3,2,2023,neo_cervical,Age-standardized,Cervical cancer,FALSE,Ibaraki,admin2,daly,DALYs (Disability-Adjusted Life Years),Rate,Female,0.00118335850034214,0.00139717801754954,0.000946366585951073,1
35432,27,432,2,3,2,2023,neo_cervical,Age-standardized,Cervical cancer,FALSE,Tochigi,admin2,daly,DALYs (Disability-Adjusted Life Years),Rate,Female,0.00112560990108717,0.00132783688884584,0.000914048297540752,1
35433,27,432,2,3,2,2023,neo_cervical,Age-standardized,Cervical cancer,FALSE,Gunma,admin2,daly,DALYs (Disability-Adjusted Life Years),Rate,Female,0.000957891043877495,0.00113048574778433,0.000787537653242649,1
35434,27,432,2,3,2,2023,neo_cervical,Age-standardized,Cervical cancer,FALSE,Saitama,admin2,daly,DALYs (Disability-Adjusted Life Years),Rate,Female,0.00117220319536787,0.00135733989420995,0.000956970490931789,1
35435,27,432,2,3,2,2023,neo_cervical,Age-standardized,Cervical cancer,FALSE,Chiba,admin2,daly,DALYs (Disability-Adjusted Life Years),Rate,Female,0.00120557547017148,0.00139670660137588,0.00101643024825875,1
35436,27,432,2,3,2,2023,neo_cervical,Age-standardized,Cervical cancer,FALSE,Tōkyō,admin2,daly,DALYs (Disability-Adjusted Life Years),Rate,Female,0.00104294008773255,0.0012034067278005,0.000875701273678827,1
35437,27,432,2,3,2,2023,neo_cervical,Age-standardized,Cervical cancer,FALSE,Kanagawa,admin2,daly,DALYs (Disability-Adjusted Life Years),Rate,Female,0.000982299640112599,0.00114867474410342,0.000842007037436561,1
35438,27,432,2,3,2,2023,neo_cervical,Age-standardized,Cervical cancer,FALSE,Niigata,admin2,daly,DALYs (Disability-Adjusted Life Years),Rate,Female,0.00070770456242065,0.000857308608567188,0.000588161670675701,1
35439,27,432,2,3,2,2023,neo_cervical,Age-standardized,Cervical cancer,FALSE,Toyama,admin2,daly,DALYs (Disability-Adjusted Life Years),Rate,Female,0.000803588754074404,0.00096270622854878,0.000659203907234066,1
35440,27,432,2,3,2,2023,neo_cervical,Age-standardized,Cervical cancer,FALSE,Ishikawa,admin2,daly,DALYs (Disability-Adjusted Life Years),Rate,Female,0.000805596348163342,0.000982531913810252,0.000639031540416657,1
35441,27,432,2,3,2,2023,neo_cervical,Age-standardized,Cervical cancer,FALSE,Fukui,admin2,daly,DALYs (Disability-Adjusted Life Years),Rate,Female,0.0008061299347794,0.000975176305320141,0.000651529732820787,1
35442,27,432,2,3,2,2023,neo_cervical,Age-standardized,Cervical cancer,FALSE,Yamanashi,admin2,daly,DALYs (Disability-Adjusted Life Years),Rate,Female,0.000973687112580632,0.0011762614592114,0.000812273636066415,1
35443,27,432,2,3,2,2023,neo_cervical,Age-standardized,Cervical cancer,FALSE,Nagano,admin2,daly,DALYs (Disability-Adjusted Life Years),Rate,Female,0.00090359666397777,0.00106191348396333,0.000753651151363951,1
35444,27,432,2,3,2,2023,neo_cervical,Age-standardized,Cervical cancer,FALSE,Gifu,admin2,daly,DALYs (Disability-Adjusted Life Years),Rate,Female,0.00102959536404519,0.0012183459107636,0.000857962493811694,1
35445,27,432,2,3,2,2023,neo_cervical,Age-standardized,Cervical cancer,FALSE,Shizuoka,admin2,daly,DALYs (Disability-Adjusted Life Years),Rate,Female,0.00112593943982346,0.00133774416627732,0.000940837423389607,1
35446,27,432,2,3,2,2023,neo_cervical,Age-standardized,Cervical cancer,FALSE,Aichi,admin2,daly,DALYs (Disability-Adjusted Life Years),Rate,Female,0.00104566532671407,0.00119545568049735,0.000889639083525699,1
35447,27,432,2,3,2,2023,neo_cervical,Age-standardized,Cervical cancer,FALSE,Mie,admin2,daly,DALYs (Disability-Adjusted Life Years),Rate,Female,0.000894209581501197,0.00104538318022905,0.000730924116280272,1
35448,27,432,2,3,2,2023,neo_cervical,Age-standardized,Cervical cancer,FALSE,Shiga,admin2,daly,DALYs (Disability-Adjusted Life Years),Rate,Female,0.000799186214885062,0.000951543042958344,0.00064902040744514,1
35449,27,432,2,3,2,2023,neo_cervical,Age-standardized,Cervical cancer,FALSE,Kyōto,admin2,daly,DALYs (Disability-Adjusted Life Years),Rate,Female,0.000913471877064678,0.00107522551740047,0.000763076256246233,1
35450,27,432,2,3,2,2023,neo_cervical,Age-standardized,Cervical cancer,FALSE,Ōsaka,admin2,daly,DALYs (Disability-Adjusted Life Years),Rate,Female,0.00115837920356968,0.00135013279886678,0.000990566377581807,1
35451,27,432,2,3,2,2023,neo_cervical,Age-standardized,Cervical cancer,FALSE,Hyōgo,admin2,daly,DALYs (Disability-Adjusted Life Years),Rate,Female,0.00107259426102164,0.0012635933715684,0.000897618280917018,1
35452,27,432,2,3,2,2023,neo_cervical,Age-standardized,Cervical cancer,FALSE,Nara,admin2,daly,DALYs (Disability-Adjusted Life Years),Rate,Female,0.000935306853334017,0.00110773255620421,0.000767794998059089,1
35453,27,432,2,3,2,2023,neo_cervical,Age-standardized,Cervical cancer,FALSE,Wakayama,admin2,daly,DALYs (Disability-Adjusted Life Years),Rate,Female,0.00106016931531702,0.00129303982549811,0.000876732452937246,1
35454,27,432,2,3,2,2023,neo_cervical,Age-standardized,Cervical cancer,FALSE,Tottori,admin2,daly,DALYs (Disability-Adjusted Life Years),Rate,Female,0.0010466656479726,0.00123826175470879,0.000855208765543005,1
35455,27,432,2,3,2,2023,neo_cervical,Age-standardized,Cervical cancer,FALSE,Shimane,admin2,daly,DALYs (Disability-Adjusted Life Years),Rate,Female,0.000876873326671843,0.00104402781994545,0.000706706473306152,1
35456,27,432,2,3,2,2023,neo_cervical,Age-standardized,Cervical cancer,FALSE,Okayama,admin2,daly,DALYs (Disability-Adjusted Life Years),Rate,Female,0.00085129028975186,0.000997522373489934,0.000711586143072257,1
35457,27,432,2,3,2,2023,neo_cervical,Age-standardized,Cervical cancer,FALSE,Hiroshima,admin2,daly,DALYs (Disability-Adjusted Life Years),Rate,Female,0.000943583972944245,0.001105977862934,0.000784038391507477,1
35458,27,432,2,3,2,2023,neo_cervical,Age-standardized,Cervical cancer,FALSE,Yamaguchi,admin2,daly,DALYs (Disability-Adjusted Life Years),Rate,Female,0.00106929780362179,0.00129606808140647,0.000883598412353309,1
35459,27,432,2,3,2,2023,neo_cervical,Age-standardized,Cervical cancer,FALSE,Tokushima,admin2,daly,DALYs (Disability-Adjusted Life Years),Rate,Female,0.000901670160099092,0.00108728545526237,0.000737242713795523,1
35460,27,432,2,3,2,2023,neo_cervical,Age-standardized,Cervical cancer,FALSE,Kagawa,admin2,daly,DALYs (Disability-Adjusted Life Years),Rate,Female,0.00098894966143884,0.00117936547052909,0.000805480045769233,1
35461,27,432,2,3,2,2023,neo_cervical,Age-standardized,Cervical cancer,FALSE,Ehime,admin2,daly,DALYs (Disability-Adjusted Life Years),Rate,Female,0.00119187216640746,0.00143904295576553,0.000998313907224176,1
35462,27,432,2,3,2,2023,neo_cervical,Age-standardized,Cervical cancer,FALSE,Kōchi,admin2,daly,DALYs (Disability-Adjusted Life Years),Rate,Female,0.000964235499837165,0.00116917703992612,0.000783093451736283,1
35463,27,432,2,3,2,2023,neo_cervical,Age-standardized,Cervical cancer,FALSE,Fukuoka,admin2,daly,DALYs (Disability-Adjusted Life Years),Rate,Female,0.00120953926961646,0.00142721823054603,0.00102626182033944,1
35464,27,432,2,3,2,2023,neo_cervical,Age-standardized,Cervical cancer,FALSE,Saga,admin2,daly,DALYs (Disability-Adjusted Life Years),Rate,Female,0.00103383804292882,0.0012192628065421,0.000820025990589824,1
35465,27,432,2,3,2,2023,neo_cervical,Age-standardized,Cervical cancer,FALSE,Nagasaki,admin2,daly,DALYs (Disability-Adjusted Life Years),Rate,Female,0.00107944637722809,0.00128430164253892,0.000903356330002797,1
35466,27,432,2,3,2,2023,neo_cervical,Age-standardized,Cervical cancer,FALSE,Kumamoto,admin2,daly,DALYs (Disability-Adjusted Life Years),Rate,Female,0.00104071456588325,0.00122754846179117,0.000871198393113746,1
35467,27,432,2,3,2,2023,neo_cervical,Age-standardized,Cervical cancer,FALSE,Ōita,admin2,daly,DALYs (Disability-Adjusted Life Years),Rate,Female,0.00122024840656644,0.0014580095727321,0.000998862702216277,1
35468,27,432,2,3,2,2023,neo_cervical,Age-standardized,Cervical cancer,FALSE,Miyazaki,admin2,daly,DALYs (Disability-Adjusted Life Years),Rate,Female,0.00132408794273656,0.00159329830597952,0.00109828026211803,1
35469,27,432,2,3,2,2023,neo_cervical,Age-standardized,Cervical cancer,FALSE,Kagoshima,admin2,daly,DALYs (Disability-Adjusted Life Years),Rate,Female,0.0011280346120258,0.0013343337210137,0.000934959115411921,1
35470,27,432,2,3,2,2023,neo_cervical,Age-standardized,Cervical cancer,FALSE,Okinawa,admin2,daly,DALYs (Disability-Adjusted Life Years),Rate,Female,0.00151825281343495,0.00182320974164267,0.00126896565430682,1
35494,27,432,2,3,2,2023,neo_cervical,Age-standardized,Cervical cancer,FALSE,Piemonte,admin1,daly,DALYs (Disability-Adjusted Life Years),Rate,Female,0.000794323764379326,0.000931719263039247,0.000665954115862061,1
35495,27,432,2,3,2,2023,neo_cervical,Age-standardized,Cervical cancer,FALSE,Valle d'Aosta,admin1,daly,DALYs (Disability-Adjusted Life Years),Rate,Female,0.000712283388512039,0.000857443790989252,0.000572515071078832,1
35496,27,432,2,3,2,2023,neo_cervical,Age-standardized,Cervical cancer,FALSE,Liguria,admin1,daly,DALYs (Disability-Adjusted Life Years),Rate,Female,0.000834517197140679,0.0010019883204809,0.000667483448003284,1
35497,27,432,2,3,2,2023,neo_cervical,Age-standardized,Cervical cancer,FALSE,Lombardia,admin1,daly,DALYs (Disability-Adjusted Life Years),Rate,Female,0.000754131527036719,0.000883329439335826,0.000633188053302834,1
35498,27,432,2,3,2,2023,neo_cervical,Age-standardized,Cervical cancer,FALSE,Provincia autonoma di Bolzano,admin1,daly,DALYs (Disability-Adjusted Life Years),Rate,Female,0.000604887844722341,0.000720920614533478,0.000484415920761648,1
35499,27,432,2,3,2,2023,neo_cervical,Age-standardized,Cervical cancer,FALSE,Provincia autonoma di Trento,admin1,daly,DALYs (Disability-Adjusted Life Years),Rate,Female,0.000530979707035579,0.00063943693149495,0.000425121685279301,1
35500,27,432,2,3,2,2023,neo_cervical,Age-standardized,Cervical cancer,FALSE,Veneto,admin1,daly,DALYs (Disability-Adjusted Life Years),Rate,Female,0.000564721417796748,0.000677300863932704,0.000464165174285687,1
35501,27,432,2,3,2,2023,neo_cervical,Age-standardized,Cervical cancer,FALSE,Friuli-Venezia Giulia,admin1,daly,DALYs (Disability-Adjusted Life Years),Rate,Female,0.000662528906854153,0.000774053157262382,0.000537756729769897,1
35502,27,432,2,3,2,2023,neo_cervical,Age-standardized,Cervical cancer,FALSE,Emilia-Romagna,admin1,daly,DALYs (Disability-Adjusted Life Years),Rate,Female,0.00061578249525525,0.000737841816986962,0.000512390567407839,1
35503,27,432,2,3,2,2023,neo_cervical,Age-standardized,Cervical cancer,FALSE,Toscana,admin1,daly,DALYs (Disability-Adjusted Life Years),Rate,Female,0.000612510197201059,0.000728779535070768,0.000499771984574249,1
35504,27,432,2,3,2,2023,neo_cervical,Age-standardized,Cervical cancer,FALSE,Umbria,admin1,daly,DALYs (Disability-Adjusted Life Years),Rate,Female,0.000595988235118595,0.000723904426140661,0.00048209871158373,1
35505,27,432,2,3,2,2023,neo_cervical,Age-standardized,Cervical cancer,FALSE,Marche,admin1,daly,DALYs (Disability-Adjusted Life Years),Rate,Female,0.000527522575270233,0.000639268573962197,0.000427505403084432,1
35506,27,432,2,3,2,2023,neo_cervical,Age-standardized,Cervical cancer,FALSE,Lazio,admin1,daly,DALYs (Disability-Adjusted Life Years),Rate,Female,0.000651451311094191,0.000783693297694387,0.000536439444484767,1
35507,27,432,2,3,2,2023,neo_cervical,Age-standardized,Cervical cancer,FALSE,Abruzzo,admin1,daly,DALYs (Disability-Adjusted Life Years),Rate,Female,0.000621292436222647,0.000756522502835039,0.000513050812997854,1
35508,27,432,2,3,2,2023,neo_cervical,Age-standardized,Cervical cancer,FALSE,Molise,admin1,daly,DALYs (Disability-Adjusted Life Years),Rate,Female,0.000712767804284874,0.00086589451411962,0.00057648878022875,1
35509,27,432,2,3,2,2023,neo_cervical,Age-standardized,Cervical cancer,FALSE,Campania,admin1,daly,DALYs (Disability-Adjusted Life Years),Rate,Female,0.00079099657671972,0.000929556969223245,0.000673696371109698,1
35510,27,432,2,3,2,2023,neo_cervical,Age-standardized,Cervical cancer,FALSE,Puglia,admin1,daly,DALYs (Disability-Adjusted Life Years),Rate,Female,0.000687432844293564,0.000814917507929366,0.000567548507856674,1
35511,27,432,2,3,2,2023,neo_cervical,Age-standardized,Cervical cancer,FALSE,Basilicata,admin1,daly,DALYs (Disability-Adjusted Life Years),Rate,Female,0.000752936589662756,0.000911252476783469,0.000610491222479545,1
35512,27,432,2,3,2,2023,neo_cervical,Age-standardized,Cervical cancer,FALSE,Calabria,admin1,daly,DALYs (Disability-Adjusted Life Years),Rate,Female,0.000784915599554987,0.000967282686057445,0.000643758533879527,1
35513,27,432,2,3,2,2023,neo_cervical,Age-standardized,Cervical cancer,FALSE,Sicilia,admin1,daly,DALYs (Disability-Adjusted Life Years),Rate,Female,0.000798758597527547,0.000935481607538003,0.000648183208966219,1
35514,27,432,2,3,2,2023,neo_cervical,Age-standardized,Cervical cancer,FALSE,Sardegna,admin1,daly,DALYs (Disability-Adjusted Life Years),Rate,Female,0.000691050769382276,0.000809120668471716,0.000559611178454698,1
35617,27,432,2,3,2,2023,neo_cervical,Age-standardized,Cervical cancer,FALSE,Baringo,admin1,daly,DALYs (Disability-Adjusted Life Years),Rate,Female,0.0140550870472301,0.020576628825812,0.00892762916361687,1
35618,27,432,2,3,2,2023,neo_cervical,Age-standardized,Cervical cancer,FALSE,Bomet,admin1,daly,DALYs (Disability-Adjusted Life Years),Rate,Female,0.00820089600824028,0.0134782260466507,0.00468863478510785,1
35619,27,432,2,3,2,2023,neo_cervical,Age-standardized,Cervical cancer,FALSE,Bungoma,admin1,daly,DALYs (Disability-Adjusted Life Years),Rate,Female,0.0125150382158788,0.0202382237171781,0.0077410089455879,1
35620,27,432,2,3,2,2023,neo_cervical,Age-standardized,Cervical cancer,FALSE,Busia,admin1,daly,DALYs (Disability-Adjusted Life Years),Rate,Female,0.0120807307317729,0.0187879132647463,0.00747700624734716,1
35621,27,432,2,3,2,2023,neo_cervical,Age-standardized,Cervical cancer,FALSE,Elgeyo-Marakwet,admin1,daly,DALYs (Disability-Adjusted Life Years),Rate,Female,0.00704373153973996,0.0107163688026272,0.00446878530083664,1
35622,27,432,2,3,2,2023,neo_cervical,Age-standardized,Cervical cancer,FALSE,Embu,admin1,daly,DALYs (Disability-Adjusted Life Years),Rate,Female,0.00835339170692705,0.0141560641623304,0.00442655728140127,1
35623,27,432,2,3,2,2023,neo_cervical,Age-standardized,Cervical cancer,FALSE,Garissa,admin1,daly,DALYs (Disability-Adjusted Life Years),Rate,Female,0.00853838547592704,0.0152141549886247,0.00397823543651876,1
35624,27,432,2,3,2,2023,neo_cervical,Age-standardized,Cervical cancer,FALSE,Homa Bay,admin1,daly,DALYs (Disability-Adjusted Life Years),Rate,Female,0.0175020222346708,0.0319155532051994,0.00642743934370819,1
35625,27,432,2,3,2,2023,neo_cervical,Age-standardized,Cervical cancer,FALSE,Isiolo,admin1,daly,DALYs (Disability-Adjusted Life Years),Rate,Female,0.0103410979580086,0.0162419115944101,0.00608589024475968,1
35626,27,432,2,3,2,2023,neo_cervical,Age-standardized,Cervical cancer,FALSE,Kajiado,admin1,daly,DALYs (Disability-Adjusted Life Years),Rate,Female,0.00486116869843448,0.00897591394480558,0.00243091854141385,1
35627,27,432,2,3,2,2023,neo_cervical,Age-standardized,Cervical cancer,FALSE,Kakamega,admin1,daly,DALYs (Disability-Adjusted Life Years),Rate,Female,0.00579253540562262,0.00938597652381595,0.00341996064027568,1
35628,27,432,2,3,2,2023,neo_cervical,Age-standardized,Cervical cancer,FALSE,Kericho,admin1,daly,DALYs (Disability-Adjusted Life Years),Rate,Female,0.00728413226986297,0.0114856013639711,0.00453624081064239,1
35629,27,432,2,3,2,2023,neo_cervical,Age-standardized,Cervical cancer,FALSE,Kiambu,admin1,daly,DALYs (Disability-Adjusted Life Years),Rate,Female,0.00396935433846755,0.00670791973903311,0.00218142865027282,1
35630,27,432,2,3,2,2023,neo_cervical,Age-standardized,Cervical cancer,FALSE,Kilifi,admin1,daly,DALYs (Disability-Adjusted Life Years),Rate,Female,0.00960319365770511,0.0147667173522012,0.00554539567948073,1
35631,27,432,2,3,2,2023,neo_cervical,Age-standardized,Cervical cancer,FALSE,Kirinyaga,admin1,daly,DALYs (Disability-Adjusted Life Years),Rate,Female,0.00623477034952601,0.00997995870545025,0.00338573276652842,1
35632,27,432,2,3,2,2023,neo_cervical,Age-standardized,Cervical cancer,FALSE,Kisii,admin1,daly,DALYs (Disability-Adjusted Life Years),Rate,Female,0.0238997257257405,0.0388958453280796,0.0130152256962682,1
35633,27,432,2,3,2,2023,neo_cervical,Age-standardized,Cervical cancer,FALSE,Kisumu,admin1,daly,DALYs (Disability-Adjusted Life Years),Rate,Female,0.00867607484527692,0.0144781449150916,0.00460046705752717,1
35634,27,432,2,3,2,2023,neo_cervical,Age-standardized,Cervical cancer,FALSE,Kitui,admin1,daly,DALYs (Disability-Adjusted Life Years),Rate,Female,0.00949763888831992,0.014683476467458,0.00525024738965481,1
35635,27,432,2,3,2,2023,neo_cervical,Age-standardized,Cervical cancer,FALSE,Kwale,admin1,daly,DALYs (Disability-Adjusted Life Years),Rate,Female,0.00886519825222012,0.0145674416955834,0.00512012826724811,1
35636,27,432,2,3,2,2023,neo_cervical,Age-standardized,Cervical cancer,FALSE,Laikipia,admin1,daly,DALYs (Disability-Adjusted Life Years),Rate,Female,0.00922007916879615,0.0138968172066528,0.00533909469350362,1
35637,27,432,2,3,2,2023,neo_cervical,Age-standardized,Cervical cancer,FALSE,Lamu,admin1,daly,DALYs (Disability-Adjusted Life Years),Rate,Female,0.00937830083857868,0.0140150869861399,0.00578663417726721,1
35638,27,432,2,3,2,2023,neo_cervical,Age-standardized,Cervical cancer,FALSE,Machakos,admin1,daly,DALYs (Disability-Adjusted Life Years),Rate,Female,0.00860366046794979,0.0142172910885386,0.00404231056997522,1
35639,27,432,2,3,2,2023,neo_cervical,Age-standardized,Cervical cancer,FALSE,Makueni,admin1,daly,DALYs (Disability-Adjusted Life Years),Rate,Female,0.0066086180005966,0.0106055632818845,0.00357051313012826,1
35640,27,432,2,3,2,2023,neo_cervical,Age-standardized,Cervical cancer,FALSE,Mandera,admin1,daly,DALYs (Disability-Adjusted Life Years),Rate,Female,0.00585354778245209,0.0116621482820213,0.0024967991363619,1
35641,27,432,2,3,2,2023,neo_cervical,Age-standardized,Cervical cancer,FALSE,Marsabit,admin1,daly,DALYs (Disability-Adjusted Life Years),Rate,Female,0.0118683554452934,0.0188910405893081,0.00633432619591772,1
35642,27,432,2,3,2,2023,neo_cervical,Age-standardized,Cervical cancer,FALSE,Meru,admin1,daly,DALYs (Disability-Adjusted Life Years),Rate,Female,0.00733480459842494,0.0117244336360813,0.00418424545908026,1
35643,27,432,2,3,2,2023,neo_cervical,Age-standardized,Cervical cancer,FALSE,Migori,admin1,daly,DALYs (Disability-Adjusted Life Years),Rate,Female,0.00663277915670417,0.0110848750339587,0.00297182319849345,1
35644,27,432,2,3,2,2023,neo_cervical,Age-standardized,Cervical cancer,FALSE,Mombasa,admin1,daly,DALYs (Disability-Adjusted Life Years),Rate,Female,0.00998672804816112,0.0157265066389865,0.00574698709691527,1
35645,27,432,2,3,2,2023,neo_cervical,Age-standardized,Cervical cancer,FALSE,Murang'a,admin1,daly,DALYs (Disability-Adjusted Life Years),Rate,Female,0.00743756800129974,0.0126388873313549,0.00372095893160614,1
35646,27,432,2,3,2,2023,neo_cervical,Age-standardized,Cervical cancer,FALSE,Nairobi,admin1,daly,DALYs (Disability-Adjusted Life Years),Rate,Female,0.00775415808100466,0.0118173704072819,0.00463004859682852,1
35647,27,432,2,3,2,2023,neo_cervical,Age-standardized,Cervical cancer,FALSE,Nakuru,admin1,daly,DALYs (Disability-Adjusted Life Years),Rate,Female,0.00370391697952199,0.00617298230776787,0.00213469908114314,1
35648,27,432,2,3,2,2023,neo_cervical,Age-standardized,Cervical cancer,FALSE,Nandi,admin1,daly,DALYs (Disability-Adjusted Life Years),Rate,Female,0.00889834741954666,0.0148330921872414,0.00454769906432627,1
35649,27,432,2,3,2,2023,neo_cervical,Age-standardized,Cervical cancer,FALSE,Narok,admin1,daly,DALYs (Disability-Adjusted Life Years),Rate,Female,0.00803812576156025,0.0118252918081041,0.00480068590256019,1
35650,27,432,2,3,2,2023,neo_cervical,Age-standardized,Cervical cancer,FALSE,Nyamira,admin1,daly,DALYs (Disability-Adjusted Life Years),Rate,Female,0.00853584139779982,0.0147597112134243,0.00400326482052783,1
35651,27,432,2,3,2,2023,neo_cervical,Age-standardized,Cervical cancer,FALSE,Nyandarua,admin1,daly,DALYs (Disability-Adjusted Life Years),Rate,Female,0.0065165482367127,0.0118453113223007,0.00312333268586637,1
35652,27,432,2,3,2,2023,neo_cervical,Age-standardized,Cervical cancer,FALSE,Nyeri,admin1,daly,DALYs (Disability-Adjusted Life Years),Rate,Female,0.00372404862900786,0.00676067321336713,0.00170104309055712,1
35653,27,432,2,3,2,2023,neo_cervical,Age-standardized,Cervical cancer,FALSE,Samburu,admin1,daly,DALYs (Disability-Adjusted Life Years),Rate,Female,0.0195575157519034,0.0320165754776727,0.00850625328527757,1
35654,27,432,2,3,2,2023,neo_cervical,Age-standardized,Cervical cancer,FALSE,Siaya,admin1,daly,DALYs (Disability-Adjusted Life Years),Rate,Female,0.00919121527098211,0.0161286612758971,0.00377058785357916,1
35655,27,432,2,3,2,2023,neo_cervical,Age-standardized,Cervical cancer,FALSE,Taita Taveta,admin1,daly,DALYs (Disability-Adjusted Life Years),Rate,Female,0.00542739649273072,0.0103501254620785,0.0023559044680386,1
35656,27,432,2,3,2,2023,neo_cervical,Age-standardized,Cervical cancer,FALSE,Tana River,admin1,daly,DALYs (Disability-Adjusted Life Years),Rate,Female,0.00834844271954742,0.0131290662360269,0.00451952006772969,1
35657,27,432,2,3,2,2023,neo_cervical,Age-standardized,Cervical cancer,FALSE,Tharaka Nithi,admin1,daly,DALYs (Disability-Adjusted Life Years),Rate,Female,0.00631519213409727,0.0106427804930469,0.00272373245440493,1
35658,27,432,2,3,2,2023,neo_cervical,Age-standardized,Cervical cancer,FALSE,Trans Nzoia,admin1,daly,DALYs (Disability-Adjusted Life Years),Rate,Female,0.00782279581843816,0.0129288002069439,0.00407454478333053,1
35659,27,432,2,3,2,2023,neo_cervical,Age-standardized,Cervical cancer,FALSE,Turkana,admin1,daly,DALYs (Disability-Adjusted Life Years),Rate,Female,0.00841636373794831,0.0147477666177349,0.00336377450542196,1
35660,27,432,2,3,2,2023,neo_cervical,Age-standardized,Cervical cancer,FALSE,Uasin Gishu,admin1,daly,DALYs (Disability-Adjusted Life Years),Rate,Female,0.0109103118423834,0.0178063572421042,0.00584098714191441,1
35661,27,432,2,3,2,2023,neo_cervical,Age-standardized,Cervical cancer,FALSE,Vihiga,admin1,daly,DALYs (Disability-Adjusted Life Years),Rate,Female,0.00676727577008056,0.010988461473387,0.00372633642444262,1
35662,27,432,2,3,2,2023,neo_cervical,Age-standardized,Cervical cancer,FALSE,Wajir,admin1,daly,DALYs (Disability-Adjusted Life Years),Rate,Female,0.00892566719045103,0.0177952428949608,0.00378263763215034,1
35663,27,432,2,3,2,2023,neo_cervical,Age-standardized,Cervical cancer,FALSE,West Pokot,admin1,daly,DALYs (Disability-Adjusted Life Years),Rate,Female,0.00588088134320521,0.00980842345073367,0.00332159119303722,1
44538,27,432,2,3,2,2023,neo_cervical,Age-standardized,Cervical cancer,FALSE,Other Union Territories,subnational,daly,DALYs (Disability-Adjusted Life Years),Rate,Female,0.00299409286430389,0.00503259378217615,0.00177869233683691,0
44852,27,432,2,3,2,2023,neo_cervical,Age-standardized,Cervical cancer,FALSE,Tigray,admin1,daly,DALYs (Disability-Adjusted Life Years),Rate,Female,0.0153523424789337,0.0256916038542306,0.00893073026284785,1
44853,27,432,2,3,2,2023,neo_cervical,Age-standardized,Cervical cancer,FALSE,Afar,admin1,daly,DALYs (Disability-Adjusted Life Years),Rate,Female,0.0159782879061714,0.0341724975494194,0.00672053005299534,1
44854,27,432,2,3,2,2023,neo_cervical,Age-standardized,Cervical cancer,FALSE,Amhara,admin1,daly,DALYs (Disability-Adjusted Life Years),Rate,Female,0.0215479567545791,0.0338104638664041,0.0133369031924077,1
44855,27,432,2,3,2,2023,neo_cervical,Age-standardized,Cervical cancer,FALSE,Oromia,admin1,daly,DALYs (Disability-Adjusted Life Years),Rate,Female,0.0191324786325771,0.0346179392800036,0.010403547071912,1
44856,27,432,2,3,2,2023,neo_cervical,Age-standardized,Cervical cancer,FALSE,Somali,admin1,daly,DALYs (Disability-Adjusted Life Years),Rate,Female,0.0129081570109158,0.0269493140496092,0.00533365957654759,1
44857,27,432,2,3,2,2023,neo_cervical,Age-standardized,Cervical cancer,FALSE,Benishangul-Gumuz,admin1,daly,DALYs (Disability-Adjusted Life Years),Rate,Female,0.0134021244661215,0.0218169707385471,0.00728330950837669,1
44859,27,432,2,3,2,2023,neo_cervical,Age-standardized,Cervical cancer,FALSE,Harari,admin1,daly,DALYs (Disability-Adjusted Life Years),Rate,Female,0.0187458644511473,0.0299669390851708,0.0113369229000566,1
44860,27,432,2,3,2,2023,neo_cervical,Age-standardized,Cervical cancer,FALSE,Gambella,admin1,daly,DALYs (Disability-Adjusted Life Years),Rate,Female,0.0169341863801434,0.0279004514260218,0.0102127704805515,1
44861,27,432,2,3,2,2023,neo_cervical,Age-standardized,Cervical cancer,FALSE,Addis Ababa,admin1,daly,DALYs (Disability-Adjusted Life Years),Rate,Female,0.0100957250228552,0.0165888952900049,0.00581076768300302,1
44862,27,432,2,3,2,2023,neo_cervical,Age-standardized,Cervical cancer,FALSE,Dire Dawa,admin1,daly,DALYs (Disability-Adjusted Life Years),Rate,Female,0.0174688173433095,0.026136155765057,0.0106333067221845,1
44864,27,432,2,3,2,2023,neo_cervical,Age-standardized,Cervical cancer,FALSE,Alborz,admin1,daly,DALYs (Disability-Adjusted Life Years),Rate,Female,0.000352004799434423,0.000638943149736166,0.000204098090877276,1
44865,27,432,2,3,2,2023,neo_cervical,Age-standardized,Cervical cancer,FALSE,Ardebil,admin1,daly,DALYs (Disability-Adjusted Life Years),Rate,Female,0.000612435632790051,0.000976254543675211,0.000356946036774396,1
44866,27,432,2,3,2,2023,neo_cervical,Age-standardized,Cervical cancer,FALSE,East Azarbayejan,admin1,daly,DALYs (Disability-Adjusted Life Years),Rate,Female,0.000540448424060174,0.000812272170534786,0.000343671668452936,1
44867,27,432,2,3,2,2023,neo_cervical,Age-standardized,Cervical cancer,FALSE,West Azarbayejan,admin1,daly,DALYs (Disability-Adjusted Life Years),Rate,Female,0.000608935020676016,0.00102104387095342,0.000363597633838299,1
44868,27,432,2,3,2,2023,neo_cervical,Age-standardized,Cervical cancer,FALSE,Bushehr,admin1,daly,DALYs (Disability-Adjusted Life Years),Rate,Female,0.000551833078100272,0.000846586929717713,0.000337878207609834,1
44869,27,432,2,3,2,2023,neo_cervical,Age-standardized,Cervical cancer,FALSE,Chahar Mahaal and Bakhtiari,admin1,daly,DALYs (Disability-Adjusted Life Years),Rate,Female,0.000532616764491843,0.000946980033036198,0.000311131825562826,1
44870,27,432,2,3,2,2023,neo_cervical,Age-standardized,Cervical cancer,FALSE,Fars,admin1,daly,DALYs (Disability-Adjusted Life Years),Rate,Female,0.000338964547115929,0.00052668954111535,0.000203082500807465,1
44871,27,432,2,3,2,2023,neo_cervical,Age-standardized,Cervical cancer,FALSE,Gilan,admin1,daly,DALYs (Disability-Adjusted Life Years),Rate,Female,0.000508902540625696,0.000768406803269899,0.000304974046676842,1
44872,27,432,2,3,2,2023,neo_cervical,Age-standardized,Cervical cancer,FALSE,Golestan,admin1,daly,DALYs (Disability-Adjusted Life Years),Rate,Female,0.000585822785486821,0.000885208735075357,0.000357128729606116,1
44873,27,432,2,3,2,2023,neo_cervical,Age-standardized,Cervical cancer,FALSE,Hamadan,admin1,daly,DALYs (Disability-Adjusted Life Years),Rate,Female,0.000416134996455808,0.000769837687255741,0.000233837414760694,1
44874,27,432,2,3,2,2023,neo_cervical,Age-standardized,Cervical cancer,FALSE,Hormozgan,admin1,daly,DALYs (Disability-Adjusted Life Years),Rate,Female,0.000602984408304971,0.000892441340154355,0.000382880453349709,1
44875,27,432,2,3,2,2023,neo_cervical,Age-standardized,Cervical cancer,FALSE,Ilam,admin1,daly,DALYs (Disability-Adjusted Life Years),Rate,Female,0.000488032145067852,0.00077023226343204,0.000301203802667299,1
44876,27,432,2,3,2,2023,neo_cervical,Age-standardized,Cervical cancer,FALSE,Isfahan,admin1,daly,DALYs (Disability-Adjusted Life Years),Rate,Female,0.000376988583386228,0.000555022827581628,0.000228862590013674,1
44877,27,432,2,3,2,2023,neo_cervical,Age-standardized,Cervical cancer,FALSE,Kerman,admin1,daly,DALYs (Disability-Adjusted Life Years),Rate,Female,0.000464662871904754,0.000724619555550989,0.000285703175655969,1
44878,27,432,2,3,2,2023,neo_cervical,Age-standardized,Cervical cancer,FALSE,Kermanshah,admin1,daly,DALYs (Disability-Adjusted Life Years),Rate,Female,0.000468521402807669,0.000746090385558522,0.00028537681226951,1
44879,27,432,2,3,2,2023,neo_cervical,Age-standardized,Cervical cancer,FALSE,North Khorasan,admin1,daly,DALYs (Disability-Adjusted Life Years),Rate,Female,0.000639305266340075,0.000991729077306535,0.000395217066281339,1
44880,27,432,2,3,2,2023,neo_cervical,Age-standardized,Cervical cancer,FALSE,Khorasan-e-Razavi,admin1,daly,DALYs (Disability-Adjusted Life Years),Rate,Female,0.000395552512733122,0.000616582375581837,0.000248671199931844,1
44881,27,432,2,3,2,2023,neo_cervical,Age-standardized,Cervical cancer,FALSE,South Khorasan,admin1,daly,DALYs (Disability-Adjusted Life Years),Rate,Female,0.000449332575294912,0.000750841341372117,0.000257120986616466,1
44882,27,432,2,3,2,2023,neo_cervical,Age-standardized,Cervical cancer,FALSE,Khuzestan,admin1,daly,DALYs (Disability-Adjusted Life Years),Rate,Female,0.000560066944847339,0.000916801097159806,0.000319811598061772,1
44883,27,432,2,3,2,2023,neo_cervical,Age-standardized,Cervical cancer,FALSE,Kohgiluyeh and Boyer-Ahmad,admin1,daly,DALYs (Disability-Adjusted Life Years),Rate,Female,0.000474624215891795,0.000859813999760502,0.000255455712219748,1
44884,27,432,2,3,2,2023,neo_cervical,Age-standardized,Cervical cancer,FALSE,Kurdistan,admin1,daly,DALYs (Disability-Adjusted Life Years),Rate,Female,0.000559251499041256,0.00086689802773602,0.0003459439905024,1
44885,27,432,2,3,2,2023,neo_cervical,Age-standardized,Cervical cancer,FALSE,Lorestan,admin1,daly,DALYs (Disability-Adjusted Life Years),Rate,Female,0.000406986332527119,0.000822952881594305,0.000203089082988458,1
44886,27,432,2,3,2,2023,neo_cervical,Age-standardized,Cervical cancer,FALSE,Markazi,admin1,daly,DALYs (Disability-Adjusted Life Years),Rate,Female,0.000427361771209919,0.000646029484850125,0.000268227124094927,1
44887,27,432,2,3,2,2023,neo_cervical,Age-standardized,Cervical cancer,FALSE,Mazandaran,admin1,daly,DALYs (Disability-Adjusted Life Years),Rate,Female,0.00044097660907056,0.000689035758900683,0.000268649434899968,1
44888,27,432,2,3,2,2023,neo_cervical,Age-standardized,Cervical cancer,FALSE,Qazvin,admin1,daly,DALYs (Disability-Adjusted Life Years),Rate,Female,0.000417973750554294,0.000776278178672453,0.000217728509367664,1
44889,27,432,2,3,2,2023,neo_cervical,Age-standardized,Cervical cancer,FALSE,Qom,admin1,daly,DALYs (Disability-Adjusted Life Years),Rate,Female,0.000679838822019049,0.00103216735841945,0.000428952919751636,1
44890,27,432,2,3,2,2023,neo_cervical,Age-standardized,Cervical cancer,FALSE,Semnan,admin1,daly,DALYs (Disability-Adjusted Life Years),Rate,Female,0.000444427861850119,0.000700426946083517,0.000268490269077696,1
44891,27,432,2,3,2,2023,neo_cervical,Age-standardized,Cervical cancer,FALSE,Sistan and Baluchistan,admin1,daly,DALYs (Disability-Adjusted Life Years),Rate,Female,0.000585738915229341,0.00122659656585862,0.000281925659902742,1
44892,27,432,2,3,2,2023,neo_cervical,Age-standardized,Cervical cancer,FALSE,Tehran,admin1,daly,DALYs (Disability-Adjusted Life Years),Rate,Female,0.000312235064907124,0.000506152391752198,0.000192733058148699,1
44893,27,432,2,3,2,2023,neo_cervical,Age-standardized,Cervical cancer,FALSE,Yazd,admin1,daly,DALYs (Disability-Adjusted Life Years),Rate,Female,0.000423005222159224,0.000716843089249963,0.000255133696719937,1
44894,27,432,2,3,2,2023,neo_cervical,Age-standardized,Cervical cancer,FALSE,Zanjan,admin1,daly,DALYs (Disability-Adjusted Life Years),Rate,Female,0.000627622162467391,0.00122490350530609,0.000331379543673168,1
53432,27,432,2,3,2,2023,neo_cervical,Age-standardized,Cervical cancer,FALSE,Trøndelag,admin1,daly,DALYs (Disability-Adjusted Life Years),Rate,Female,0.000735869906782805,0.000848925552725364,0.000609806203147819,1
53533,27,432,2,3,2,2023,neo_cervical,Age-standardized,Cervical cancer,FALSE,Mountain Province,admin1,daly,DALYs (Disability-Adjusted Life Years),Rate,Female,0.00216757639118476,0.00426703629637614,0.00124193450333721,1
53534,27,432,2,3,2,2023,neo_cervical,Age-standardized,Cervical cancer,FALSE,Ifugao,admin1,daly,DALYs (Disability-Adjusted Life Years),Rate,Female,0.00213921730771598,0.0037056689636051,0.00128911675499504,1
53535,27,432,2,3,2,2023,neo_cervical,Age-standardized,Cervical cancer,FALSE,Benguet,admin1,daly,DALYs (Disability-Adjusted Life Years),Rate,Female,0.00184518011020655,0.00265968759180083,0.0011095871206581,1
53536,27,432,2,3,2,2023,neo_cervical,Age-standardized,Cervical cancer,FALSE,Abra,admin1,daly,DALYs (Disability-Adjusted Life Years),Rate,Female,0.00175963466887025,0.00293743204475668,0.00113256394705052,1
53537,27,432,2,3,2,2023,neo_cervical,Age-standardized,Cervical cancer,FALSE,Apayao,admin1,daly,DALYs (Disability-Adjusted Life Years),Rate,Female,0.00155977504954845,0.00269731697803292,0.000925207466586615,1
53538,27,432,2,3,2,2023,neo_cervical,Age-standardized,Cervical cancer,FALSE,Kalinga,admin1,daly,DALYs (Disability-Adjusted Life Years),Rate,Female,0.00220848182626273,0.00334559622398047,0.00134911670152475,1
53539,27,432,2,3,2,2023,neo_cervical,Age-standardized,Cervical cancer,FALSE,La Union,admin1,daly,DALYs (Disability-Adjusted Life Years),Rate,Female,0.00198736300220949,0.00283235965353701,0.00127881394662645,1
53540,27,432,2,3,2,2023,neo_cervical,Age-standardized,Cervical cancer,FALSE,Ilocos Norte,admin1,daly,DALYs (Disability-Adjusted Life Years),Rate,Female,0.00162226363947051,0.00241399214803548,0.00108705376845227,1
53541,27,432,2,3,2,2023,neo_cervical,Age-standardized,Cervical cancer,FALSE,Ilocos Sur,admin1,daly,DALYs (Disability-Adjusted Life Years),Rate,Female,0.00171280587973485,0.00249707792847816,0.00114578363032459,1
53542,27,432,2,3,2,2023,neo_cervical,Age-standardized,Cervical cancer,FALSE,Pangasinan,admin1,daly,DALYs (Disability-Adjusted Life Years),Rate,Female,0.00160120704888664,0.00222901115483519,0.00102051602255491,1
53543,27,432,2,3,2,2023,neo_cervical,Age-standardized,Cervical cancer,FALSE,Nueva Vizcaya,admin1,daly,DALYs (Disability-Adjusted Life Years),Rate,Female,0.00208088734764678,0.00288115578199746,0.00139040596629477,1
53544,27,432,2,3,2,2023,neo_cervical,Age-standardized,Cervical cancer,FALSE,Cagayan,admin1,daly,DALYs (Disability-Adjusted Life Years),Rate,Female,0.0011348716914717,0.00178132941429998,0.000747461155920841,1
53545,27,432,2,3,2,2023,neo_cervical,Age-standardized,Cervical cancer,FALSE,Isabela,admin1,daly,DALYs (Disability-Adjusted Life Years),Rate,Female,0.00133035335839254,0.00196957562702674,0.000883619228619607,1
53546,27,432,2,3,2,2023,neo_cervical,Age-standardized,Cervical cancer,FALSE,Quirino,admin1,daly,DALYs (Disability-Adjusted Life Years),Rate,Female,0.00186544910962797,0.00302101176457694,0.00118972519811919,1
53547,27,432,2,3,2,2023,neo_cervical,Age-standardized,Cervical cancer,FALSE,Batanes,admin1,daly,DALYs (Disability-Adjusted Life Years),Rate,Female,0.00297401343037083,0.0049574011068185,0.00192005877172845,1
53548,27,432,2,3,2,2023,neo_cervical,Age-standardized,Cervical cancer,FALSE,Bataan,admin1,daly,DALYs (Disability-Adjusted Life Years),Rate,Female,0.0023085196427624,0.00347212653710138,0.00124491475534015,1
53549,27,432,2,3,2,2023,neo_cervical,Age-standardized,Cervical cancer,FALSE,Zambales,admin1,daly,DALYs (Disability-Adjusted Life Years),Rate,Female,0.00270096441351705,0.00404358658993367,0.00112674333342665,1
53550,27,432,2,3,2,2023,neo_cervical,Age-standardized,Cervical cancer,FALSE,Tarlac,admin1,daly,DALYs (Disability-Adjusted Life Years),Rate,Female,0.00216058477950663,0.0029872566342957,0.00132917382193083,1
53551,27,432,2,3,2,2023,neo_cervical,Age-standardized,Cervical cancer,FALSE,Pampanga,admin1,daly,DALYs (Disability-Adjusted Life Years),Rate,Female,0.00297258246880944,0.00440372217999372,0.00136281101382141,1
53552,27,432,2,3,2,2023,neo_cervical,Age-standardized,Cervical cancer,FALSE,Bulacan,admin1,daly,DALYs (Disability-Adjusted Life Years),Rate,Female,0.00240883517005063,0.00359564543679661,0.00109761969530257,1
53553,27,432,2,3,2,2023,neo_cervical,Age-standardized,Cervical cancer,FALSE,Nueva Ecija,admin1,daly,DALYs (Disability-Adjusted Life Years),Rate,Female,0.00202626065196531,0.00287387775366177,0.00131870462677721,1
53554,27,432,2,3,2,2023,neo_cervical,Age-standardized,Cervical cancer,FALSE,Aurora,admin1,daly,DALYs (Disability-Adjusted Life Years),Rate,Female,0.00180067319586683,0.00321318779385025,0.00108664459985689,1
53555,27,432,2,3,2,2023,neo_cervical,Age-standardized,Cervical cancer,FALSE,Rizal,admin1,daly,DALYs (Disability-Adjusted Life Years),Rate,Female,0.00256951373070513,0.00365395216507409,0.00138730948352231,1
53556,27,432,2,3,2,2023,neo_cervical,Age-standardized,Cervical cancer,FALSE,Cavite,admin1,daly,DALYs (Disability-Adjusted Life Years),Rate,Female,0.00229634307027456,0.00323219890262362,0.00121744960021766,1
53557,27,432,2,3,2,2023,neo_cervical,Age-standardized,Cervical cancer,FALSE,Laguna,admin1,daly,DALYs (Disability-Adjusted Life Years),Rate,Female,0.0023875259564345,0.00333592046013417,0.0013630436062344,1
53558,27,432,2,3,2,2023,neo_cervical,Age-standardized,Cervical cancer,FALSE,Batangas,admin1,daly,DALYs (Disability-Adjusted Life Years),Rate,Female,0.00189769338690645,0.00255278538095825,0.00124480813552307,1
53559,27,432,2,3,2,2023,neo_cervical,Age-standardized,Cervical cancer,FALSE,Quezon,admin1,daly,DALYs (Disability-Adjusted Life Years),Rate,Female,0.00239516172399522,0.00330443076735807,0.00155454293698313,1
53560,27,432,2,3,2,2023,neo_cervical,Age-standardized,Cervical cancer,FALSE,Occidental Mindoro,admin1,daly,DALYs (Disability-Adjusted Life Years),Rate,Female,0.00225194290965676,0.00350413994399462,0.00148354850877178,1
53561,27,432,2,3,2,2023,neo_cervical,Age-standardized,Cervical cancer,FALSE,Oriental Mindoro,admin1,daly,DALYs (Disability-Adjusted Life Years),Rate,Female,0.00156179176360918,0.00232749844331034,0.00102664540893379,1
53562,27,432,2,3,2,2023,neo_cervical,Age-standardized,Cervical cancer,FALSE,Romblon,admin1,daly,DALYs (Disability-Adjusted Life Years),Rate,Female,0.00155317819592093,0.00255819728440406,0.000942374737775402,1
53563,27,432,2,3,2,2023,neo_cervical,Age-standardized,Cervical cancer,FALSE,Palawan,admin1,daly,DALYs (Disability-Adjusted Life Years),Rate,Female,0.00209198477520773,0.00313821689226113,0.00137347946883204,1
53564,27,432,2,3,2,2023,neo_cervical,Age-standardized,Cervical cancer,FALSE,Marinduque,admin1,daly,DALYs (Disability-Adjusted Life Years),Rate,Female,0.00204983848846032,0.0031461135785288,0.00134436783569777,1
53565,27,432,2,3,2,2023,neo_cervical,Age-standardized,Cervical cancer,FALSE,Catanduanes,admin1,daly,DALYs (Disability-Adjusted Life Years),Rate,Female,0.00167353288879873,0.00280765664648799,0.00104399476313108,1
53566,27,432,2,3,2,2023,neo_cervical,Age-standardized,Cervical cancer,FALSE,Camarines Norte,admin1,daly,DALYs (Disability-Adjusted Life Years),Rate,Female,0.00199363457588408,0.00279519859788831,0.00133012903796591,1
53567,27,432,2,3,2,2023,neo_cervical,Age-standardized,Cervical cancer,FALSE,Sorsogon,admin1,daly,DALYs (Disability-Adjusted Life Years),Rate,Female,0.00169002860958598,0.00255862461054788,0.00113318877642727,1
53568,27,432,2,3,2,2023,neo_cervical,Age-standardized,Cervical cancer,FALSE,Albay,admin1,daly,DALYs (Disability-Adjusted Life Years),Rate,Female,0.00191274588140884,0.00263371989306508,0.00135662014662256,1
53569,27,432,2,3,2,2023,neo_cervical,Age-standardized,Cervical cancer,FALSE,Masbate,admin1,daly,DALYs (Disability-Adjusted Life Years),Rate,Female,0.00172548198648136,0.00292236226160816,0.00105482571695366,1
53570,27,432,2,3,2,2023,neo_cervical,Age-standardized,Cervical cancer,FALSE,Camarines Sur,admin1,daly,DALYs (Disability-Adjusted Life Years),Rate,Female,0.00204183520648677,0.00293507844636541,0.00138948628471668,1
53571,27,432,2,3,2,2023,neo_cervical,Age-standardized,Cervical cancer,FALSE,Capiz,admin1,daly,DALYs (Disability-Adjusted Life Years),Rate,Female,0.00166625411819437,0.00243565976797617,0.00114101285306044,1
53572,27,432,2,3,2,2023,neo_cervical,Age-standardized,Cervical cancer,FALSE,Aklan,admin1,daly,DALYs (Disability-Adjusted Life Years),Rate,Female,0.00201204850344214,0.00271492485026813,0.00131744883130161,1
53573,27,432,2,3,2,2023,neo_cervical,Age-standardized,Cervical cancer,FALSE,Antique,admin1,daly,DALYs (Disability-Adjusted Life Years),Rate,Female,0.00192132460565967,0.00293895527094554,0.00130375242403476,1
53574,27,432,2,3,2,2023,neo_cervical,Age-standardized,Cervical cancer,FALSE,Negros Occidental,admin1,daly,DALYs (Disability-Adjusted Life Years),Rate,Female,0.00178905807968412,0.00246082753357615,0.00126000894099828,1
53575,27,432,2,3,2,2023,neo_cervical,Age-standardized,Cervical cancer,FALSE,Iloilo,admin1,daly,DALYs (Disability-Adjusted Life Years),Rate,Female,0.00189679230843868,0.00260806028006573,0.00121290274979039,1
53576,27,432,2,3,2,2023,neo_cervical,Age-standardized,Cervical cancer,FALSE,Guimaras,admin1,daly,DALYs (Disability-Adjusted Life Years),Rate,Female,0.00212180579658813,0.00306567563939017,0.00136753397465899,1
53577,27,432,2,3,2,2023,neo_cervical,Age-standardized,Cervical cancer,FALSE,Negros Oriental,admin1,daly,DALYs (Disability-Adjusted Life Years),Rate,Female,0.00151190701228501,0.00220394841936745,0.00107286194016355,1
53578,27,432,2,3,2,2023,neo_cervical,Age-standardized,Cervical cancer,FALSE,Cebu,admin1,daly,DALYs (Disability-Adjusted Life Years),Rate,Female,0.00217793323015514,0.00307731506022176,0.00118497782551706,1
53579,27,432,2,3,2,2023,neo_cervical,Age-standardized,Cervical cancer,FALSE,Bohol,admin1,daly,DALYs (Disability-Adjusted Life Years),Rate,Female,0.00152283397530909,0.0022655578433363,0.00103122264510074,1
53580,27,432,2,3,2,2023,neo_cervical,Age-standardized,Cervical cancer,FALSE,Siquijor,admin1,daly,DALYs (Disability-Adjusted Life Years),Rate,Female,0.00217012807955099,0.00322737773352816,0.00126094027821036,1
53581,27,432,2,3,2,2023,neo_cervical,Age-standardized,Cervical cancer,FALSE,Southern Leyte,admin1,daly,DALYs (Disability-Adjusted Life Years),Rate,Female,0.00205085720997434,0.0030010918543725,0.00144558886936458,1
53582,27,432,2,3,2,2023,neo_cervical,Age-standardized,Cervical cancer,FALSE,Eastern Samar,admin1,daly,DALYs (Disability-Adjusted Life Years),Rate,Female,0.00252882452603829,0.00411404222915123,0.00161894192901511,1
53583,27,432,2,3,2,2023,neo_cervical,Age-standardized,Cervical cancer,FALSE,Northern Samar,admin1,daly,DALYs (Disability-Adjusted Life Years),Rate,Female,0.00186734105809227,0.00306730976718546,0.00115497103149694,1
53584,27,432,2,3,2,2023,neo_cervical,Age-standardized,Cervical cancer,FALSE,Samar (Western Samar),admin1,daly,DALYs (Disability-Adjusted Life Years),Rate,Female,0.00278732683124421,0.00392549370687757,0.0018292484981128,1
53585,27,432,2,3,2,2023,neo_cervical,Age-standardized,Cervical cancer,FALSE,Leyte,admin1,daly,DALYs (Disability-Adjusted Life Years),Rate,Female,0.00224685729475822,0.00302409992758995,0.00157257826271701,1
53586,27,432,2,3,2,2023,neo_cervical,Age-standardized,Cervical cancer,FALSE,Biliran,admin1,daly,DALYs (Disability-Adjusted Life Years),Rate,Female,0.00233631968334994,0.00332762761452972,0.00154969114692918,1
53587,27,432,2,3,2,2023,neo_cervical,Age-standardized,Cervical cancer,FALSE,Zamboanga Sibugay,admin1,daly,DALYs (Disability-Adjusted Life Years),Rate,Female,0.00212923704990118,0.00347570867602702,0.00131405864722955,1
53588,27,432,2,3,2,2023,neo_cervical,Age-standardized,Cervical cancer,FALSE,Zamboanga Del Norte,admin1,daly,DALYs (Disability-Adjusted Life Years),Rate,Female,0.00195549879274249,0.00312382856461691,0.00120440929534931,1
53589,27,432,2,3,2,2023,neo_cervical,Age-standardized,Cervical cancer,FALSE,Zamboanga Del Sur,admin1,daly,DALYs (Disability-Adjusted Life Years),Rate,Female,0.00260753454248134,0.00366950812535436,0.00164553064697041,1
53590,27,432,2,3,2,2023,neo_cervical,Age-standardized,Cervical cancer,FALSE,Misamis Occidental,admin1,daly,DALYs (Disability-Adjusted Life Years),Rate,Female,0.00205643592097244,0.00290481206454534,0.00139916516175421,1
53591,27,432,2,3,2,2023,neo_cervical,Age-standardized,Cervical cancer,FALSE,Bukidnon,admin1,daly,DALYs (Disability-Adjusted Life Years),Rate,Female,0.0018576906537673,0.00298087416268319,0.00117652281665368,1
53592,27,432,2,3,2,2023,neo_cervical,Age-standardized,Cervical cancer,FALSE,Lanao Del Norte,admin1,daly,DALYs (Disability-Adjusted Life Years),Rate,Female,0.00210384895370934,0.00327012016178375,0.00132472543857856,1
53593,27,432,2,3,2,2023,neo_cervical,Age-standardized,Cervical cancer,FALSE,Misamis Oriental,admin1,daly,DALYs (Disability-Adjusted Life Years),Rate,Female,0.00252643090177134,0.00348338380062957,0.00163226489229541,1
53594,27,432,2,3,2,2023,neo_cervical,Age-standardized,Cervical cancer,FALSE,Camiguin,admin1,daly,DALYs (Disability-Adjusted Life Years),Rate,Female,0.00237409045386637,0.00339722412867519,0.00158099578369496,1
53595,27,432,2,3,2,2023,neo_cervical,Age-standardized,Cervical cancer,FALSE,Davao Oriental,admin1,daly,DALYs (Disability-Adjusted Life Years),Rate,Female,0.00176446337735767,0.00270264281326431,0.00113140658833383,1
53596,27,432,2,3,2,2023,neo_cervical,Age-standardized,Cervical cancer,FALSE,Davao de Oro,admin1,daly,DALYs (Disability-Adjusted Life Years),Rate,Female,0.00260908854444343,0.00411625469014085,0.0016165234917316,1
53597,27,432,2,3,2,2023,neo_cervical,Age-standardized,Cervical cancer,FALSE,Davao Del Sur,admin1,daly,DALYs (Disability-Adjusted Life Years),Rate,Female,0.00275239486642753,0.00386083950370468,0.00153589558575634,1
53598,27,432,2,3,2,2023,neo_cervical,Age-standardized,Cervical cancer,FALSE,Davao Occidental,admin1,daly,DALYs (Disability-Adjusted Life Years),Rate,Female,0.00336413949585694,0.00511838309076216,0.00146621127467412,1
53599,27,432,2,3,2,2023,neo_cervical,Age-standardized,Cervical cancer,FALSE,Davao Del Norte,admin1,daly,DALYs (Disability-Adjusted Life Years),Rate,Female,0.00215457294900992,0.00312490071830286,0.00128229762913882,1
53600,27,432,2,3,2,2023,neo_cervical,Age-standardized,Cervical cancer,FALSE,South Cotabato,admin1,daly,DALYs (Disability-Adjusted Life Years),Rate,Female,0.00230030328891832,0.00326454568066758,0.00151591857637028,1
53601,27,432,2,3,2,2023,neo_cervical,Age-standardized,Cervical cancer,FALSE,Sultan Kudarat,admin1,daly,DALYs (Disability-Adjusted Life Years),Rate,Female,0.00201352474606677,0.00349121801743733,0.00120526424241557,1
53602,27,432,2,3,2,2023,neo_cervical,Age-standardized,Cervical cancer,FALSE,Cotabato (North Cotabato),admin1,daly,DALYs (Disability-Adjusted Life Years),Rate,Female,0.00220935929755796,0.00329632086724456,0.00147405265894138,1
53603,27,432,2,3,2,2023,neo_cervical,Age-standardized,Cervical cancer,FALSE,Sarangani,admin1,daly,DALYs (Disability-Adjusted Life Years),Rate,Female,0.00280890742764802,0.00466375605667488,0.00179490867280539,1
53604,27,432,2,3,2,2023,neo_cervical,Age-standardized,Cervical cancer,FALSE,Agusan Del Norte,admin1,daly,DALYs (Disability-Adjusted Life Years),Rate,Female,0.00187609193395897,0.00275426265032745,0.00119297299607049,1
53605,27,432,2,3,2,2023,neo_cervical,Age-standardized,Cervical cancer,FALSE,Agusan Del Sur,admin1,daly,DALYs (Disability-Adjusted Life Years),Rate,Female,0.0023234891074182,0.00330801567462085,0.00158018891353555,1
53606,27,432,2,3,2,2023,neo_cervical,Age-standardized,Cervical cancer,FALSE,Surigao Del Sur,admin1,daly,DALYs (Disability-Adjusted Life Years),Rate,Female,0.00246602693886777,0.00374051218424928,0.00165842072371034,1
53607,27,432,2,3,2,2023,neo_cervical,Age-standardized,Cervical cancer,FALSE,Surigao Del Norte,admin1,daly,DALYs (Disability-Adjusted Life Years),Rate,Female,0.00189215652822877,0.00268223749752074,0.00129578353247377,1
53608,27,432,2,3,2,2023,neo_cervical,Age-standardized,Cervical cancer,FALSE,Dinagat Islands,admin1,daly,DALYs (Disability-Adjusted Life Years),Rate,Female,0.00242700332796338,0.00349456294856491,0.00144243187138838,1
53609,27,432,2,3,2,2023,neo_cervical,Age-standardized,Cervical cancer,FALSE,Tawi-Tawi,admin1,daly,DALYs (Disability-Adjusted Life Years),Rate,Female,0.00159811347428598,0.00296445369989258,0.000883671537696325,1
53610,27,432,2,3,2,2023,neo_cervical,Age-standardized,Cervical cancer,FALSE,Basilan,admin1,daly,DALYs (Disability-Adjusted Life Years),Rate,Female,0.00200518479938212,0.00362068726460389,0.0011698439141537,1
53611,27,432,2,3,2,2023,neo_cervical,Age-standardized,Cervical cancer,FALSE,Sulu,admin1,daly,DALYs (Disability-Adjusted Life Years),Rate,Female,0.00184336059881053,0.00360126344558731,0.00107041373526228,1
53612,27,432,2,3,2,2023,neo_cervical,Age-standardized,Cervical cancer,FALSE,Maguindanao,admin1,daly,DALYs (Disability-Adjusted Life Years),Rate,Female,0.00154370499561942,0.00268022815969974,0.000946605611520857,1
53613,27,432,2,3,2,2023,neo_cervical,Age-standardized,Cervical cancer,FALSE,Lanao Del Sur,admin1,daly,DALYs (Disability-Adjusted Life Years),Rate,Female,0.00178345312155181,0.00291611660785419,0.00107358496008963,1
53614,27,432,2,3,2,2023,neo_cervical,Age-standardized,Cervical cancer,FALSE,National Capital Region,admin1,daly,DALYs (Disability-Adjusted Life Years),Rate,Female,0.00251518676186592,0.00357992033273831,0.00111622567256386,1
53615,27,432,2,3,2,2023,neo_cervical,Age-standardized,Cervical cancer,FALSE,Azad Jammu & Kashmir,admin1,daly,DALYs (Disability-Adjusted Life Years),Rate,Female,0.00492163792977535,0.00860967981792108,0.00230320164051006,1
53616,27,432,2,3,2,2023,neo_cervical,Age-standardized,Cervical cancer,FALSE,Balochistan,admin1,daly,DALYs (Disability-Adjusted Life Years),Rate,Female,0.00458765215251266,0.00714808031211859,0.00288948767950653,1
53617,27,432,2,3,2,2023,neo_cervical,Age-standardized,Cervical cancer,FALSE,Gilgit-Baltistan,admin1,daly,DALYs (Disability-Adjusted Life Years),Rate,Female,0.00505839470679902,0.00802200272475446,0.00293265132277258,1
53618,27,432,2,3,2,2023,neo_cervical,Age-standardized,Cervical cancer,FALSE,Islamabad Capital Territory,admin1,daly,DALYs (Disability-Adjusted Life Years),Rate,Female,0.00500490665905215,0.0104879571834048,0.0024669753008665,1
53619,27,432,2,3,2,2023,neo_cervical,Age-standardized,Cervical cancer,FALSE,Khyber Pakhtunkhwa,admin1,daly,DALYs (Disability-Adjusted Life Years),Rate,Female,0.00458901939053027,0.00761314394765851,0.00269441453276185,1
53620,27,432,2,3,2,2023,neo_cervical,Age-standardized,Cervical cancer,FALSE,Punjab,admin1,daly,DALYs (Disability-Adjusted Life Years),Rate,Female,0.00504024248704359,0.00895715196063992,0.00272232465144966,1
53621,27,432,2,3,2,2023,neo_cervical,Age-standardized,Cervical cancer,FALSE,Sindh,admin1,daly,DALYs (Disability-Adjusted Life Years),Rate,Female,0.00502637866605396,0.00853377333842252,0.00293406632779101,1
53660,27,432,2,3,2,2023,neo_cervical,Age-standardized,Cervical cancer,FALSE,Dolnośląskie,admin1,daly,DALYs (Disability-Adjusted Life Years),Rate,Female,0.00143246454626076,0.00167447290756326,0.00120560629873893,1
53661,27,432,2,3,2,2023,neo_cervical,Age-standardized,Cervical cancer,FALSE,Kujawsko-Pomorskie,admin1,daly,DALYs (Disability-Adjusted Life Years),Rate,Female,0.0013818859986288,0.00160636519848975,0.0011732685566277,1
53662,27,432,2,3,2,2023,neo_cervical,Age-standardized,Cervical cancer,FALSE,Łódzkie,admin1,daly,DALYs (Disability-Adjusted Life Years),Rate,Female,0.00148641261809037,0.00173665684052514,0.0012569748462247,1
53663,27,432,2,3,2,2023,neo_cervical,Age-standardized,Cervical cancer,FALSE,Lubelskie,admin1,daly,DALYs (Disability-Adjusted Life Years),Rate,Female,0.00122809242840885,0.00141690344923277,0.00103101619344055,1
53664,27,432,2,3,2,2023,neo_cervical,Age-standardized,Cervical cancer,FALSE,Lubuskie,admin1,daly,DALYs (Disability-Adjusted Life Years),Rate,Female,0.00164942288938966,0.0018879483016113,0.00139316090796466,1
53665,27,432,2,3,2,2023,neo_cervical,Age-standardized,Cervical cancer,FALSE,Małopolskie,admin1,daly,DALYs (Disability-Adjusted Life Years),Rate,Female,0.00118710577528397,0.00134378088584646,0.00102920946288654,1
53666,27,432,2,3,2,2023,neo_cervical,Age-standardized,Cervical cancer,FALSE,Mazowieckie,admin1,daly,DALYs (Disability-Adjusted Life Years),Rate,Female,0.00130935078023484,0.00150013624824526,0.00110931221302777,1
53667,27,432,2,3,2,2023,neo_cervical,Age-standardized,Cervical cancer,FALSE,Opolskie,admin1,daly,DALYs (Disability-Adjusted Life Years),Rate,Female,0.00152756388812657,0.00180717633061295,0.00128602167398294,1
53668,27,432,2,3,2,2023,neo_cervical,Age-standardized,Cervical cancer,FALSE,Podkarpackie,admin1,daly,DALYs (Disability-Adjusted Life Years),Rate,Female,0.00103372840489798,0.0012097341725623,0.000866035029723849,1
53669,27,432,2,3,2,2023,neo_cervical,Age-standardized,Cervical cancer,FALSE,Podlaskie,admin1,daly,DALYs (Disability-Adjusted Life Years),Rate,Female,0.00117494976775339,0.00138209494739225,0.000990783236163516,1
53670,27,432,2,3,2,2023,neo_cervical,Age-standardized,Cervical cancer,FALSE,Pomorskie,admin1,daly,DALYs (Disability-Adjusted Life Years),Rate,Female,0.00134214082821753,0.00154036680612615,0.00111573699142817,1
53671,27,432,2,3,2,2023,neo_cervical,Age-standardized,Cervical cancer,FALSE,Śląskie,admin1,daly,DALYs (Disability-Adjusted Life Years),Rate,Female,0.0015117218056599,0.00174890518411205,0.00128962627613127,1
53672,27,432,2,3,2,2023,neo_cervical,Age-standardized,Cervical cancer,FALSE,Świętokrzyskie,admin1,daly,DALYs (Disability-Adjusted Life Years),Rate,Female,0.00147594806340808,0.00171573733500076,0.00125113845392226,1
53673,27,432,2,3,2,2023,neo_cervical,Age-standardized,Cervical cancer,FALSE,Warmińsko-Mazurskie,admin1,daly,DALYs (Disability-Adjusted Life Years),Rate,Female,0.00154553787197688,0.00180215196335905,0.00128113390176242,1
53674,27,432,2,3,2,2023,neo_cervical,Age-standardized,Cervical cancer,FALSE,Wielkopolskie,admin1,daly,DALYs (Disability-Adjusted Life Years),Rate,Female,0.00133759747782728,0.00152006824324932,0.00112397996232957,1
53675,27,432,2,3,2,2023,neo_cervical,Age-standardized,Cervical cancer,FALSE,Zachodniopomorskie,admin1,daly,DALYs (Disability-Adjusted Life Years),Rate,Female,0.00157258412114607,0.00184248490410951,0.00130387692244828,1
60132,27,432,2,3,2,2023,neo_cervical,Age-standardized,Cervical cancer,FALSE,Vestland,admin1,daly,DALYs (Disability-Adjusted Life Years),Rate,Female,0.000757795674938915,0.000885952244339243,0.000631513893552407,1
60133,27,432,2,3,2,2023,neo_cervical,Age-standardized,Cervical cancer,FALSE,Agder,admin1,daly,DALYs (Disability-Adjusted Life Years),Rate,Female,0.000867833352115804,0.00101829946592591,0.000722619464335412,1
60134,27,432,2,3,2,2023,neo_cervical,Age-standardized,Cervical cancer,FALSE,Vestfold og Telemark,admin1,daly,DALYs (Disability-Adjusted Life Years),Rate,Female,0.00102727615561633,0.00119196880341669,0.000852714264872349,1
60135,27,432,2,3,2,2023,neo_cervical,Age-standardized,Cervical cancer,FALSE,Innlandet,admin1,daly,DALYs (Disability-Adjusted Life Years),Rate,Female,0.000848005493093002,0.000990313964334443,0.000706577444983327,1
60136,27,432,2,3,2,2023,neo_cervical,Age-standardized,Cervical cancer,FALSE,Viken,admin1,daly,DALYs (Disability-Adjusted Life Years),Rate,Female,0.000788029504179892,0.000908576508388757,0.000661486998357522,1
60137,27,432,2,3,2,2023,neo_cervical,Age-standardized,Cervical cancer,FALSE,Troms og Finnmark,admin1,daly,DALYs (Disability-Adjusted Life Years),Rate,Female,0.000736196705823265,0.000859831174273145,0.000612975451270788,1
60908,27,432,2,3,2,2023,neo_cervical,Age-standardized,Cervical cancer,FALSE,Sidama,admin1,daly,DALYs (Disability-Adjusted Life Years),Rate,Female,0.0218727712209229,0.0433006019377854,0.0110357839921591,1
94364,27,432,2,3,2,2023,neo_cervical,Age-standardized,Cervical cancer,FALSE,South West,admin1,daly,DALYs (Disability-Adjusted Life Years),Rate,Female,0.0288059682850897,0.0512711793617012,0.0156801955550189,1
95069,27,432,2,3,2,2023,neo_cervical,Age-standardized,Cervical cancer,FALSE,"Southern Nations, Nationalities, and Peoples",admin1,daly,DALYs (Disability-Adjusted Life Years),Rate,Female,0.0127943040008463,0.0240154361351778,0.0068691263431228,1
